M/W,Season,Match_No,League,開催日,開催地,会場,入場者数,開始時刻,終了時刻,試合時間,JURY,1stﾚﾌｪﾘｰ,2ndﾚﾌｪﾘｰ,判定員,Team1,Team2,セット:得,セット:失,セット1:得点,セット1:失点,セット1:時間,セット2:得点,セット2:失点,セット2:時間,セット3:得点,セット3:失点,セット3:時間,セット4:得点,セット4:失点,セット4:時間,セット5:得点,セット5:失点,セット5:時間,Team,アタック_打数,アタック_得点,アタック_失点,アタック_決定率,アタック_セット平均,アタック(内バックアタック)_打数,アタック(内バックアタック)_得点,アタック(内バックアタック)_失点,アタック(内バックアタック)_決定率,ブロック_得点,ブロック_セット平均,サーブ_打数,サーブ_得点,サーブ_失点,サーブ_効果,サーブ_効果率,サーブレシーブ_受数,サーブレシーブ_成功・優,サーブレシーブ_成功・良,サーブレシーブ_成功率
Women,2000_2001,591,第7回Vリーグ女子   ファイナルラウンド,3/2/2001,-,大阪市中央体育館,2100,0.666666667,0.720833333,0.054166667,-,印藤　智一,田野　敏彦,永江　雅之,NECレッドロケッツ,東レアローズ,3,0,25,17,0.013888889,25,12,0.0125,36,34,0.023611111,-,-,-,-,-,-,NECレッドロケッツ,128,62,9,48.4,20.67,9,2,4,22.2,4,1.33,84,2,8,25,9.8,60,43,0,71.7
Women,2000_2001,591,第7回Vリーグ女子   ファイナルラウンド,3/2/2001,-,大阪市中央体育館,2100,0.666666667,0.720833333,0.054166667,-,印藤　智一,田野　敏彦,永江　雅之,NECレッドロケッツ,東レアローズ,0,3,17,25,0.013888889,12,25,0.0125,34,36,0.023611111,-,-,-,-,-,-,東レアローズ,120,37,11,30.8,12.33,1,0,0,0,6,2,65,0,5,17,6.5,74,49,0,66.2
Women,2000_2001,592,第7回Vリーグ女子   ファイナルラウンド,3/2/2001,-,大阪市中央体育館,1900,0.75,0.829166667,0.079166667,-,田野　昭彦,江下　毅,中村　光男,久光製薬スプリングス,東洋紡オーキス,3,2,13,25,0.013194444,25,18,0.015972222,25,19,0.015972222,21,25,0.015972222,15,10,0.009722222,久光製薬スプリングス,191,71,10,37.2,14.2,11,2,2,18.2,10,2,98,4,5,25,9.8,93,59,0,63.4
Women,2000_2001,592,第7回Vリーグ女子   ファイナルラウンド,3/2/2001,-,大阪市中央体育館,1900,0.75,0.829166667,0.079166667,-,田野　昭彦,江下　毅,中村　光男,久光製薬スプリングス,東洋紡オーキス,2,3,25,13,0.013194444,18,25,0.015972222,19,25,0.015972222,25,21,0.015972222,10,15,0.009722222,東洋紡オーキス,172,66,6,38.4,13.2,6,2,1,33.3,12,2.4,98,1,5,33,9.2,92,64,0,69.6
Women,2000_2001,593,第7回Vリーグ女子   ファイナルラウンド,3/3/2001,-,大阪市中央体育館,2300,0.541666667,0.611805556,0.070138889,-,伊藤　博之,寺口　克彦,宮階　和世,NECレッドロケッツ,久光製薬スプリングス,1,3,22,25,0.015277778,21,25,0.015972222,25,20,0.015972222,20,25,0.016666667,-,-,-,NECレッドロケッツ,172,68,14,39.5,17,4,1,1,25,6,1.5,89,3,6,18,7.8,87,64,0,73.6
Women,2000_2001,593,第7回Vリーグ女子   ファイナルラウンド,3/3/2001,-,大阪市中央体育館,2300,0.541666667,0.611805556,0.070138889,-,伊藤　博之,寺口　克彦,宮階　和世,NECレッドロケッツ,久光製薬スプリングス,3,1,25,22,0.015277778,25,21,0.015972222,20,25,0.015972222,25,20,0.016666667,-,-,-,久光製薬スプリングス,136,48,6,35.3,12,5,1,1,20,16,4,94,4,3,23,10.4,83,62,0,74.7
Women,2000_2001,594,第7回Vリーグ女子   ファイナルラウンド,3/3/2001,-,大阪市中央体育館,2900,0.638888889,0.6875,0.048611111,-,印藤　智一,田野　昭彦,宇代　徹,東洋紡オーキス,東レアローズ,3,0,25,18,0.015277778,25,20,0.014583333,25,17,0.014583333,-,-,-,-,-,-,東洋紡オーキス,119,58,5,48.7,19.33,2,0,0,0,5,1.67,73,3,5,19,10.1,55,39,0,70.9
Women,2000_2001,594,第7回Vリーグ女子   ファイナルラウンド,3/3/2001,-,大阪市中央体育館,2900,0.638888889,0.6875,0.048611111,-,印藤　智一,田野　昭彦,宇代　徹,東洋紡オーキス,東レアローズ,0,3,18,25,0.015277778,20,25,0.014583333,17,25,0.014583333,-,-,-,-,-,-,東レアローズ,114,36,6,31.6,12,6,2,0,33.3,5,1.67,57,2,1,15,9.7,67,46,0,68.7
Women,2000_2001,595,第7回Vリーグ女子   ファイナルラウンド,3/4/2001,-,大阪市中央体育館,3200,0.5,0.58125,0.08125,-,田野　敏彦,江下　毅,田中　仁,NECレッドロケッツ,東レアローズ,3,2,18,25,0.013888889,25,21,0.016666667,24,26,0.018055556,25,22,0.016666667,15,7,0.007638889,NECレッドロケッツ,200,72,13,36,14.4,13,4,3,30.8,11,2.2,107,4,9,21,8.1,94,80,0,85.1
Women,2000_2001,595,第7回Vリーグ女子   ファイナルラウンド,3/4/2001,-,大阪市中央体育館,3200,0.5,0.58125,0.08125,-,田野　敏彦,江下　毅,田中　仁,NECレッドロケッツ,東レアローズ,2,3,25,18,0.013888889,21,25,0.016666667,26,24,0.018055556,22,25,0.016666667,7,15,0.007638889,東レアローズ,189,59,9,31.2,11.8,7,3,1,42.9,14,2.8,101,4,6,11,6.1,97,73,0,75.3
Women,2000_2001,596,第7回Vリーグ女子   ファイナルラウンド,3/4/2001,-,大阪市中央体育館,3200,0.607638889,0.680555556,0.072916667,-,伊藤　博之,印藤　智一,深江　泰彦,東洋紡オーキス,久光製薬スプリングス,3,1,25,21,0.01875,25,18,0.015972222,17,25,0.015277778,25,20,0.016666667,-,-,-,東洋紡オーキス,156,55,12,35.3,13.75,2,1,0,50,14,3.5,91,3,7,14,6.5,78,63,0,80.8
Women,2000_2001,596,第7回Vリーグ女子   ファイナルラウンド,3/4/2001,-,大阪市中央体育館,3200,0.607638889,0.680555556,0.072916667,-,伊藤　博之,印藤　智一,深江　泰彦,東洋紡オーキス,久光製薬スプリングス,1,3,21,25,0.01875,18,25,0.015972222,25,17,0.015277778,20,25,0.016666667,-,-,-,久光製薬スプリングス,155,53,13,34.2,13.25,11,3,1,27.3,11,2.75,85,1,6,15,5.6,84,67,0,79.8
Women,2000_2001,501,第7回Vリーグ女子   レギュラーラウンド,12/8/2000,-,大阪府立体育会館,1100,0.795138889,0.860416667,0.065277778,-,伊藤　博之,大塚　春夫,永江　雅之,久光製薬スプリングス,東レアローズ,3,1,17,25,0.015277778,25,20,0.014583333,25,19,0.014583333,25,14,0.014583333,-,-,-,久光製薬スプリングス,143,57,9,39.9,14.25,10,1,3,10,12,3,91,2,9,24,8.6,70,43,0,61.4
Women,2000_2001,501,第7回Vリーグ女子   レギュラーラウンド,12/8/2000,-,大阪府立体育会館,1100,0.795138889,0.860416667,0.065277778,-,伊藤　博之,大塚　春夫,永江　雅之,久光製薬スプリングス,東レアローズ,1,3,25,17,0.015277778,20,25,0.014583333,19,25,0.014583333,14,25,0.014583333,-,-,-,東レアローズ,140,46,9,32.9,11.5,11,3,0,27.3,9,2.25,79,1,8,26,9.2,81,56,0,69.1
Women,2000_2001,502,第7回Vリーグ女子   レギュラーラウンド,12/9/2000,-,大阪府立体育会館,2100,0.586805556,0.670138889,0.083333333,-,伊藤　博之,江下　毅,永江　雅之,東レアローズ,東洋紡オーキス,3,2,18,25,0.015277778,32,30,0.021527778,25,18,0.013888889,21,25,0.015972222,15,8,0.008333333,東レアローズ,178,71,12,39.9,14.2,10,3,1,30,11,2.2,110,6,10,41,14,93,66,0,71
Women,2000_2001,502,第7回Vリーグ女子   レギュラーラウンド,12/9/2000,-,大阪府立体育会館,2100,0.586805556,0.670138889,0.083333333,-,伊藤　博之,江下　毅,永江　雅之,東レアローズ,東洋紡オーキス,2,3,25,18,0.015277778,30,32,0.021527778,18,25,0.013888889,25,21,0.015972222,8,15,0.008333333,東洋紡オーキス,158,61,6,38.6,12.2,8,6,1,75,13,2.6,107,4,10,27,10,98,53,0,54.1
Women,2000_2001,503,第7回Vリーグ女子   レギュラーラウンド,12/9/2000,-,大阪府立体育会館,1800,0.690972222,0.735416667,0.044444444,-,田野　昭彦,大塚　春夫,宮階　和世,久光製薬スプリングス,JTマーヴェラス,3,0,25,21,0.016666667,25,14,0.011111111,25,17,0.0125,-,-,-,-,-,-,久光製薬スプリングス,94,49,3,52.1,16.33,7,3,1,42.9,11,3.67,73,0,1,20,6.8,50,39,0,78
Women,2000_2001,503,第7回Vリーグ女子   レギュラーラウンド,12/9/2000,-,大阪府立体育会館,1800,0.690972222,0.735416667,0.044444444,-,田野　昭彦,大塚　春夫,宮階　和世,久光製薬スプリングス,JTマーヴェラス,0,3,21,25,0.016666667,14,25,0.011111111,17,25,0.0125,-,-,-,-,-,-,JTマーヴェラス,102,44,6,43.1,14.67,0,0,0,-,3,1,54,0,4,11,5.1,71,51,0,71.8
Women,2000_2001,504,第7回Vリーグ女子   レギュラーラウンド,12/9/2000,-,西尾市総合体育館,2500,0.583333333,0.653472222,0.070138889,-,広田　修二,浅見　靖人,古澤　博丈,イトーヨーカドープリオール,日立ベルフィーユ,3,1,21,25,0.015277778,26,24,0.016666667,30,28,0.017361111,25,22,0.014583333,-,-,-,イトーヨーカドープリオール,163,54,11,33.1,13.5,0,0,0,-,14,3.5,101,3,8,16,6.5,90,72,0,80
Women,2000_2001,504,第7回Vリーグ女子   レギュラーラウンド,12/9/2000,-,西尾市総合体育館,2500,0.583333333,0.653472222,0.070138889,-,広田　修二,浅見　靖人,古澤　博丈,イトーヨーカドープリオール,日立ベルフィーユ,1,3,25,21,0.015277778,24,26,0.016666667,28,30,0.017361111,22,25,0.014583333,-,-,-,日立ベルフィーユ,181,61,18,33.7,15.25,16,5,5,31.2,12,3,100,4,10,14,6.7,92,74,0,80.4
Women,2000_2001,505,第7回Vリーグ女子   レギュラーラウンド,12/9/2000,-,西尾市総合体育館,2600,0.677083333,0.731944444,0.054861111,-,高橋　憲太郎,小林　紀彦,田中　栄二,デンソーエアリービーズ,NECレッドロケッツ,0,3,25,27,0.017361111,24,26,0.017361111,20,25,0.015972222,-,-,-,-,-,-,デンソーエアリービーズ,127,43,5,33.9,14.33,9,0,1,0,8,2.67,71,3,7,9,6.5,68,51,0,75
Women,2000_2001,505,第7回Vリーグ女子   レギュラーラウンド,12/9/2000,-,西尾市総合体育館,2600,0.677083333,0.731944444,0.054861111,-,高橋　憲太郎,小林　紀彦,田中　栄二,デンソーエアリービーズ,NECレッドロケッツ,3,0,27,25,0.017361111,26,24,0.017361111,25,20,0.015972222,-,-,-,-,-,-,NECレッドロケッツ,125,47,7,37.6,15.67,6,4,1,66.7,10,3.33,76,4,7,14,9.1,64,52,0,81.2
Women,2000_2001,506,第7回Vリーグ女子   レギュラーラウンド,12/10/2000,-,大阪府立体育会館,2600,0.545138889,0.595138889,0.05,-,伊藤　博之,大塚　春夫,宇代　徹,東洋紡オーキス,久光製薬スプリングス,3,0,25,16,0.014583333,25,18,0.015277778,25,19,0.015972222,-,-,-,-,-,-,東洋紡オーキス,97,41,2,42.3,13.67,8,2,0,25,16,5.33,74,4,2,13,8.7,47,32,0,68.1
Women,2000_2001,506,第7回Vリーグ女子   レギュラーラウンド,12/10/2000,-,大阪府立体育会館,2600,0.545138889,0.595138889,0.05,-,伊藤　博之,大塚　春夫,宇代　徹,東洋紡オーキス,久光製薬スプリングス,0,3,16,25,0.014583333,18,25,0.015277778,19,25,0.015972222,-,-,-,-,-,-,久光製薬スプリングス,113,35,5,31,11.67,4,2,1,50,11,3.67,54,1,7,14,8,72,55,0,76.4
Women,2000_2001,507,第7回Vリーグ女子   レギュラーラウンド,12/10/2000,-,大阪府立体育会館,2100,0.619444444,0.669444444,0.05,-,田野　昭彦,江下　毅,和佐田　信行,東レアローズ,JTマーヴェラス,0,3,23,25,0.016666667,22,25,0.013888889,20,25,0.015277778,-,-,-,-,-,-,東レアローズ,121,49,6,40.5,16.33,5,3,0,60,5,1.67,67,2,4,13,7.8,72,57,0,79.2
Women,2000_2001,507,第7回Vリーグ女子   レギュラーラウンド,12/10/2000,-,大阪府立体育会館,2100,0.619444444,0.669444444,0.05,-,田野　昭彦,江下　毅,和佐田　信行,東レアローズ,JTマーヴェラス,3,0,25,23,0.016666667,25,22,0.013888889,25,20,0.015277778,-,-,-,-,-,-,JTマーヴェラス,116,54,6,46.6,18,0,0,0,-,9,3,73,1,1,14,5.9,61,48,0,78.7
Women,2000_2001,508,第7回Vリーグ女子   レギュラーラウンド,12/10/2000,-,西尾市総合体育館,1900,0.541666667,0.588888889,0.047222222,-,広田　修二,舘　健一,古澤　博丈,NECレッドロケッツ,イトーヨーカドープリオール,3,0,25,23,0.013888889,25,16,0.013888889,25,17,0.015277778,-,-,-,-,-,-,NECレッドロケッツ,119,50,10,42,16.67,9,2,3,22.2,6,2,73,6,8,15,12.3,51,41,0,80.4
Women,2000_2001,508,第7回Vリーグ女子   レギュラーラウンド,12/10/2000,-,西尾市総合体育館,1900,0.541666667,0.588888889,0.047222222,-,広田　修二,舘　健一,古澤　博丈,NECレッドロケッツ,イトーヨーカドープリオール,0,3,23,25,0.013888889,16,25,0.013888889,17,25,0.015277778,-,-,-,-,-,-,イトーヨーカドープリオール,99,26,7,26.3,8.67,4,0,0,0,7,2.33,58,3,5,9,8.7,63,44,0,69.8
Women,2000_2001,509,第7回Vリーグ女子   レギュラーラウンド,12/10/2000,-,西尾市総合体育館,2400,0.614583333,0.675,0.060416667,-,高橋　憲太郎,浅見　靖人,田中　栄二,デンソーエアリービーズ,日立ベルフィーユ,1,3,18,25,0.0125,16,25,0.013194444,25,19,0.015972222,17,25,0.0125,-,-,-,デンソーエアリービーズ,129,47,12,36.4,11.75,7,2,4,28.6,7,1.75,77,3,6,15,8.2,84,64,0,76.2
Women,2000_2001,509,第7回Vリーグ女子   レギュラーラウンド,12/10/2000,-,西尾市総合体育館,2400,0.614583333,0.675,0.060416667,-,高橋　憲太郎,浅見　靖人,田中　栄二,デンソーエアリービーズ,日立ベルフィーユ,3,1,25,18,0.0125,25,16,0.013194444,19,25,0.015972222,25,17,0.0125,-,-,-,日立ベルフィーユ,130,55,6,42.3,13.75,6,2,1,33.3,16,4,93,2,9,18,6.6,70,53,0,75.7
Women,2000_2001,510,第7回Vリーグ女子   レギュラーラウンド,12/16/2000,-,-,2500,0.583333333,0.661805556,0.078472222,-,佐々木　克之,神林　清松,鈴木　文雄,JTマーヴェラス,イトーヨーカドープリオール,2,3,25,18,0.015277778,19,25,0.015972222,25,19,0.014583333,22,25,0.015277778,11,15,0.009027778,JTマーヴェラス,211,68,10,32.2,13.6,0,0,0,-,11,2.2,102,0,7,18,4.4,95,74,0,77.9
Women,2000_2001,510,第7回Vリーグ女子   レギュラーラウンド,12/16/2000,-,-,2500,0.583333333,0.661805556,0.078472222,-,佐々木　克之,神林　清松,鈴木　文雄,JTマーヴェラス,イトーヨーカドープリオール,3,2,18,25,0.015277778,25,19,0.015972222,19,25,0.014583333,25,22,0.015277778,15,11,0.009027778,イトーヨーカドープリオール,198,69,15,34.8,13.8,3,0,0,0,12,2.4,102,3,5,20,7.6,95,77,0,81.1
Women,2000_2001,511,第7回Vリーグ女子   レギュラーラウンド,12/16/2000,-,東京体育館,2500,0.5875,0.635416667,0.047916667,-,勝又　正,山田　道人,原　一郎,東洋紡オーキス,デンソーエアリービーズ,3,0,25,12,0.013194444,25,11,0.013194444,25,21,0.016666667,-,-,-,-,-,-,東洋紡オーキス,101,47,4,46.5,15.67,4,2,1,50,9,3,73,4,7,18,10.5,44,33,0,75
Women,2000_2001,511,第7回Vリーグ女子   レギュラーラウンド,12/16/2000,-,東京体育館,2500,0.5875,0.635416667,0.047916667,-,勝又　正,山田　道人,原　一郎,東洋紡オーキス,デンソーエアリービーズ,0,3,12,25,0.013194444,11,25,0.013194444,21,25,0.016666667,-,-,-,-,-,-,デンソーエアリービーズ,94,28,12,29.8,9.33,8,1,2,12.5,3,1,46,1,2,10,7.2,66,44,0,66.7
Women,2000_2001,512,第7回Vリーグ女子   レギュラーラウンド,12/16/2000,-,-,785,0.666666667,0.733333333,0.066666667,-,酒出　修,丸山　道博,木野　雄平,久光製薬スプリングス,パイオニアレッドウィングス,3,1,25,20,0.016666667,24,26,0.016666667,25,12,0.013888889,25,18,0.013194444,-,-,-,久光製薬スプリングス,124,52,5,41.9,13,2,0,0,0,15,3.75,98,3,16,10,5.2,67,60,0,89.6
Women,2000_2001,512,第7回Vリーグ女子   レギュラーラウンド,12/16/2000,-,-,785,0.666666667,0.733333333,0.066666667,-,酒出　修,丸山　道博,木野　雄平,久光製薬スプリングス,パイオニアレッドウィングス,1,3,20,25,0.016666667,26,24,0.016666667,12,25,0.013888889,18,25,0.013194444,-,-,-,パイオニアレッドウィングス,142,39,14,27.5,9.75,19,4,3,21.1,13,3.25,77,0,10,7,2.3,81,69,0,85.2
Women,2000_2001,513,第7回Vリーグ女子   レギュラーラウンド,12/16/2000,-,-,822,0.756944444,0.815972222,0.059027778,-,印藤　智一,濱中　昌志,三橋　忍,シーガルズ,東レアローズ,0,3,22,25,0.019444444,27,29,0.020138889,21,25,0.015277778,-,-,-,-,-,-,シーガルズ,118,41,4,34.7,13.67,0,0,0,-,10,3.33,71,0,2,6,2.1,70,55,0,78.6
Women,2000_2001,513,第7回Vリーグ女子   レギュラーラウンド,12/16/2000,-,-,822,0.756944444,0.815972222,0.059027778,-,印藤　智一,濱中　昌志,三橋　忍,シーガルズ,東レアローズ,3,0,25,22,0.019444444,29,27,0.020138889,25,21,0.015277778,-,-,-,-,-,-,東レアローズ,126,58,9,46,19.33,3,2,0,66.7,10,3.33,78,3,7,13,7.5,69,63,0,91.3
Women,2000_2001,514,第7回Vリーグ女子   レギュラーラウンド,12/17/2000,-,越谷市立総合体育館,3213,0.541666667,0.625,0.083333333,-,小柴　滋,戸森　重雄,萩原　哲夫,東洋紡オーキス,イトーヨーカドープリオール,3,2,23,25,0.016666667,20,25,0.015972222,25,23,0.016666667,25,13,0.014583333,15,13,0.011111111,東洋紡オーキス,157,64,12,40.8,12.8,1,1,0,100,19,3.8,108,3,6,22,7.7,93,72,0,77.4
Women,2000_2001,514,第7回Vリーグ女子   レギュラーラウンド,12/17/2000,-,越谷市立総合体育館,3213,0.541666667,0.625,0.083333333,-,小柴　滋,戸森　重雄,萩原　哲夫,東洋紡オーキス,イトーヨーカドープリオール,2,3,25,23,0.016666667,25,20,0.015972222,23,25,0.016666667,13,25,0.014583333,13,15,0.011111111,イトーヨーカドープリオール,181,68,8,37.6,13.6,1,0,0,0,9,1.8,99,1,6,20,5.9,100,77,0,77
Women,2000_2001,515,第7回Vリーグ女子   レギュラーラウンド,12/17/2000,-,東京体育館,2200,0.545138889,0.609722222,0.064583333,-,橘田　昇,田中　昭彦,並木　修一,JTマーヴェラス,デンソーエアリービーズ,3,1,25,19,0.015972222,17,25,0.013888889,25,15,0.0125,26,24,0.015972222,-,-,-,JTマーヴェラス,163,62,7,38,15.5,1,0,0,0,12,3,92,2,6,14,6,76,57,0,75
Women,2000_2001,515,第7回Vリーグ女子   レギュラーラウンド,12/17/2000,-,東京体育館,2200,0.545138889,0.609722222,0.064583333,-,橘田　昇,田中　昭彦,並木　修一,JTマーヴェラス,デンソーエアリービーズ,1,3,19,25,0.015972222,25,17,0.013888889,15,25,0.0125,24,26,0.015972222,-,-,-,デンソーエアリービーズ,162,58,8,35.8,14.5,9,1,1,11.1,10,2.5,84,2,8,17,7,84,70,0,83.3
Women,2000_2001,516,第7回Vリーグ女子   レギュラーラウンド,12/17/2000,-,-,1234,0.541666667,0.591666667,0.05,-,印藤智一,丸山道博,木野雄平,東レアローズ,パイオニアレッドウィングス,3,0,30,28,0.019444444,25,18,0.0125,25,18,0.013888889,-,-,-,-,-,-,東レアローズ,94,49,4,52.1,16.33,7,3,0,42.9,11,3.67,79,2,6,14,6.5,59,52,0,88.1
Women,2000_2001,516,第7回Vリーグ女子   レギュラーラウンド,12/17/2000,-,-,1234,0.541666667,0.591666667,0.05,-,印藤智一,丸山道博,木野雄平,東レアローズ,パイオニアレッドウィングス,0,3,28,30,0.019444444,18,25,0.0125,18,25,0.013888889,-,-,-,-,-,-,パイオニアレッドウィングス,114,43,9,37.7,14.33,8,2,2,25,6,2,65,1,6,6,3.5,73,57,0,78.1
Women,2000_2001,517,第7回Vリーグ女子   レギュラーラウンド,12/17/2000,-,-,1293,0.614583333,0.664583333,0.05,-,酒出　修,濱中昌志,鈴木和彦,久光製薬スプリングス,シーガルズ,3,0,25,20,0.015972222,25,10,0.0125,25,23,0.017361111,-,-,-,-,-,-,久光製薬スプリングス,102,46,6,45.1,15.33,6,2,0,33.3,17,5.67,73,2,4,8,4.9,52,47,0,90.4
Women,2000_2001,517,第7回Vリーグ女子   レギュラーラウンド,12/17/2000,-,-,1293,0.614583333,0.664583333,0.05,-,酒出　修,濱中昌志,鈴木和彦,久光製薬スプリングス,シーガルズ,0,3,20,25,0.015972222,10,25,0.0125,23,25,0.017361111,-,-,-,-,-,-,シーガルズ,115,30,7,26.1,10,2,0,0,0,9,3,55,1,2,5,4.1,69,59,0,85.5
Women,2000_2001,518,第7回Vリーグ女子   レギュラーラウンド,12/23/2000,-,八尾市立総合体育館「ウイング」,1300,0.541666667,0.624305556,0.082638889,-,伊藤　博之,江下　毅,宮階　和世,久光製薬スプリングス,イトーヨーカドープリオール,3,2,28,26,0.018055556,23,25,0.016666667,25,21,0.014583333,21,25,0.015972222,15,12,0.009027778,久光製薬スプリングス,169,75,8,44.4,15,5,2,2,40,14,2.8,112,5,11,28,10,102,69,0,67.6
Women,2000_2001,518,第7回Vリーグ女子   レギュラーラウンド,12/23/2000,-,八尾市立総合体育館「ウイング」,1300,0.541666667,0.624305556,0.082638889,-,伊藤　博之,江下　毅,宮階　和世,久光製薬スプリングス,イトーヨーカドープリオール,2,3,26,28,0.018055556,25,23,0.016666667,21,25,0.014583333,25,21,0.015972222,12,15,0.009027778,イトーヨーカドープリオール,172,74,8,43,14.8,2,0,1,0,12,2.4,109,0,7,33,7.6,100,68,0,68
Women,2000_2001,519,第7回Vリーグ女子   レギュラーラウンド,12/23/2000,-,八尾市立総合体育館「ウイング」,1300,0.645833333,0.715972222,0.070138889,-,田野　敏彦,大塚　春夫,和佐田　信行,デンソーエアリービーズ,東レアローズ,1,3,20,25,0.014583333,23,25,0.016666667,25,23,0.015277778,24,26,0.017361111,-,-,-,デンソーエアリービーズ,142,48,12,33.8,12,7,4,1,57.1,15,3.75,93,3,6,17,7.2,87,66,0,75.9
Women,2000_2001,519,第7回Vリーグ女子   レギュラーラウンド,12/23/2000,-,八尾市立総合体育館「ウイング」,1300,0.645833333,0.715972222,0.070138889,-,田野　敏彦,大塚　春夫,和佐田　信行,デンソーエアリービーズ,東レアローズ,3,1,25,20,0.014583333,25,23,0.016666667,23,25,0.015277778,26,24,0.017361111,-,-,-,東レアローズ,143,58,14,40.6,14.5,6,1,1,16.7,11,2.75,98,4,10,18,8.1,87,67,0,77
Women,2000_2001,520,第7回Vリーグ女子   レギュラーラウンド,12/23/2000,-,-,2236,0.541666667,0.613888889,0.072222222,-,橘田　昇,高畑　陽二,饗場　良仁,NECレッドロケッツ,シーガルズ,3,2,18,25,0.013888889,25,16,0.014583333,20,25,0.015972222,25,12,0.0125,15,9,0.006944444,NECレッドロケッツ,161,73,14,45.3,14.6,3,2,0,66.7,16,3.2,102,1,12,28,7.6,84,70,0,83.3
Women,2000_2001,520,第7回Vリーグ女子   レギュラーラウンド,12/23/2000,-,-,2236,0.541666667,0.613888889,0.072222222,-,橘田　昇,高畑　陽二,饗場　良仁,NECレッドロケッツ,シーガルズ,2,3,25,18,0.013888889,16,25,0.014583333,25,20,0.015972222,12,25,0.0125,9,15,0.006944444,シーガルズ,149,48,8,32.2,9.6,3,1,1,33.3,11,2.2,88,1,3,14,5.1,90,61,0,67.8
Women,2000_2001,521,第7回Vリーグ女子   レギュラーラウンド,12/23/2000,-,-,2454,0.642361111,0.718055556,0.075694444,-,小林　朝実,鏡味　照明,脇坂　れい子,日立ベルフィーユ,パイオニアレッドウィングス,2,3,21,25,0.013888889,25,16,0.014583333,22,25,0.015972222,25,22,0.014583333,12,15,0.008333333,日立ベルフィーユ,140,61,10,43.6,12.2,10,7,1,70,18,3.6,106,1,6,32,8.3,87,62,0,71.3
Women,2000_2001,521,第7回Vリーグ女子   レギュラーラウンド,12/23/2000,-,-,2454,0.642361111,0.718055556,0.075694444,-,小林　朝実,鏡味　照明,脇坂　れい子,日立ベルフィーユ,パイオニアレッドウィングス,3,2,25,21,0.013888889,16,25,0.014583333,25,22,0.015972222,22,25,0.014583333,15,12,0.008333333,パイオニアレッドウィングス,160,66,7,41.2,13.2,20,6,2,30,10,2,102,5,13,22,9.7,100,67,0,67
Women,2000_2001,522,第7回Vリーグ女子   レギュラーラウンド,12/24/2000,-,-,2100,0.541666667,0.602083333,0.060416667,-,伊藤　博之,江下　毅,和佐田　信行,イトーヨーカドープリオール,東レアローズ,1,3,27,25,0.015277778,14,25,0.011805556,19,25,0.014583333,17,25,0.0125,-,-,-,イトーヨーカドープリオール,127,50,14,39.4,12.5,2,0,1,0,4,1,78,0,10,13,4.2,87,60,0,69
Women,2000_2001,522,第7回Vリーグ女子   レギュラーラウンド,12/24/2000,-,-,2100,0.541666667,0.602083333,0.060416667,-,伊藤　博之,江下　毅,和佐田　信行,イトーヨーカドープリオール,東レアローズ,3,1,25,27,0.015277778,25,14,0.011805556,25,19,0.014583333,25,17,0.0125,-,-,-,東レアローズ,135,62,10,45.9,15.5,1,1,0,100,7,1.75,99,4,11,24,9.5,68,55,0,80.9
Women,2000_2001,523,第7回Vリーグ女子   レギュラーラウンド,12/24/2000,-,-,1800,0.628472222,0.720833333,0.092361111,-,田野　敏彦,大塚　春夫,越村　弘,久光製薬スプリングス,デンソーエアリービーズ,2,3,21,25,0.015277778,25,27,0.01875,29,27,0.020833333,25,22,0.015277778,16,18,0.013888889,久光製薬スプリングス,191,71,10,37.2,14.2,11,4,1,36.4,11,2.2,116,8,10,39,14.1,109,66,0,60.6
Women,2000_2001,523,第7回Vリーグ女子   レギュラーラウンド,12/24/2000,-,-,1800,0.628472222,0.720833333,0.092361111,-,田野　敏彦,大塚　春夫,越村　弘,久光製薬スプリングス,デンソーエアリービーズ,3,2,25,21,0.015277778,27,25,0.01875,27,29,0.020833333,22,25,0.015277778,18,16,0.013888889,デンソーエアリービーズ,203,75,9,36.9,15,9,0,0,0,11,2.2,119,4,10,39,10.9,105,59,0,56.2
Women,2000_2001,524,第7回Vリーグ女子   レギュラーラウンド,12/24/2000,-,-,2351,0.5,0.575694444,0.075694444,-,橘田　昇,加藤　正明,饗場　良仁,NECレッドロケッツ,パイオニアレッドウィングス,3,2,25,10,0.013194444,17,25,0.014583333,25,15,0.013194444,23,25,0.017361111,15,10,0.009027778,NECレッドロケッツ,144,61,15,42.4,12.2,4,1,0,25,18,3.6,104,8,3,27,12.8,78,64,0,82.1
Women,2000_2001,524,第7回Vリーグ女子   レギュラーラウンド,12/24/2000,-,-,2351,0.5,0.575694444,0.075694444,-,橘田　昇,加藤　正明,饗場　良仁,NECレッドロケッツ,パイオニアレッドウィングス,2,3,10,25,0.013194444,25,17,0.014583333,15,25,0.013194444,25,23,0.017361111,10,15,0.009027778,パイオニアレッドウィングス,152,51,10,33.6,10.2,18,6,2,33.3,10,2,86,5,6,11,8.3,100,66,0,66
Women,2000_2001,525,第7回Vリーグ女子   レギュラーラウンド,12/24/2000,-,-,2562,0.600694444,0.690972222,0.090277778,-,小林　朝実,鏡味　照明,嶋田　和明,日立ベルフィーユ,シーガルズ,3,2,25,21,0.014583333,28,26,0.020138889,22,25,0.016666667,25,27,0.01875,18,16,0.011805556,日立ベルフィーユ,215,80,5,37.2,16,8,4,0,50,13,2.6,118,3,6,34,9.2,108,77,0,71.3
Women,2000_2001,525,第7回Vリーグ女子   レギュラーラウンド,12/24/2000,-,-,2562,0.600694444,0.690972222,0.090277778,-,小林　朝実,鏡味　照明,嶋田　和明,日立ベルフィーユ,シーガルズ,2,3,21,25,0.014583333,26,28,0.020138889,25,22,0.016666667,27,25,0.01875,16,18,0.011805556,シーガルズ,219,79,12,36.1,15.8,3,0,1,0,17,3.4,115,6,5,27,10.4,112,75,0,67
Women,2000_2001,526,第7回Vリーグ女子   レギュラーラウンド,1/6/2001,-,-,2618,0.541666667,0.590972222,0.049305556,-,中馬　義郎,金丸　真也,長友　久夫,日立ベルフィーユ,NECレッドロケッツ,0,3,20,25,0.014583333,23,25,0.016666667,14,25,0.013888889,-,-,-,-,-,-,日立ベルフィーユ,106,31,5,29.2,10.33,0,0,0,-,10,3.33,59,0,7,10,4.2,62,42,0,67.7
Women,2000_2001,526,第7回Vリーグ女子   レギュラーラウンド,1/6/2001,-,-,2618,0.541666667,0.590972222,0.049305556,-,中馬　義郎,金丸　真也,長友　久夫,日立ベルフィーユ,NECレッドロケッツ,3,0,25,20,0.014583333,25,23,0.016666667,25,14,0.013888889,-,-,-,-,-,-,NECレッドロケッツ,112,47,9,42,15.67,15,5,2,33.3,4,1.33,73,10,6,15,17.5,52,42,0,80.8
Women,2000_2001,527,第7回Vリーグ女子   レギュラーラウンド,1/6/2001,-,-,2762,0.614583333,0.663194444,0.048611111,-,石井　洋壮,桜田　和広,高島　弘行,東洋紡オーキス,JTマーヴェラス,3,0,25,22,0.015277778,25,23,0.015277778,25,19,0.013888889,-,-,-,-,-,-,東洋紡オーキス,107,54,1,50.5,18,2,0,0,0,11,3.67,74,1,2,12,5.4,63,56,0,88.9
Women,2000_2001,527,第7回Vリーグ女子   レギュラーラウンド,1/6/2001,-,-,2762,0.614583333,0.663194444,0.048611111,-,石井　洋壮,桜田　和広,高島　弘行,東洋紡オーキス,JTマーヴェラス,0,3,22,25,0.015277778,23,25,0.015277778,19,25,0.013888889,-,-,-,-,-,-,JTマーヴェラス,131,56,5,42.7,18.67,0,0,0,-,4,1.33,65,0,2,7,2.7,71,59,0,83.1
Women,2000_2001,528,第7回Vリーグ女子   レギュラーラウンド,1/6/2001,-,-,1920,0.54375,0.590277778,0.046527778,-,大塚達也,上村利也,茶屋道法文,イトーヨーカドープリオール,デンソーエアリービーズ,0,3,18,25,0.013888889,15,25,0.013194444,18,25,0.015277778,-,-,-,-,-,-,イトーヨーカドープリオール,103,38,9,36.9,12.67,1,0,0,0,4,1.33,52,1,4,8,5.4,68,57,0,83.8
Women,2000_2001,528,第7回Vリーグ女子   レギュラーラウンド,1/6/2001,-,-,1920,0.54375,0.590277778,0.046527778,-,大塚達也,上村利也,茶屋道法文,イトーヨーカドープリオール,デンソーエアリービーズ,3,0,25,18,0.013888889,25,15,0.013194444,25,18,0.015277778,-,-,-,-,-,-,デンソーエアリービーズ,100,40,6,40,13.33,7,1,1,14.3,12,4,74,5,2,10,9.9,48,39,0,81.2
Women,2000_2001,529,第7回Vリーグ女子   レギュラーラウンド,1/6/2001,-,-,1300,0.618055556,0.673611111,0.055555556,-,塚本　健,川畑秀一,田嶋　正男,シーガルズ,パイオニアレッドウィングス,3,0,29,27,0.01875,25,22,0.015972222,25,22,0.016666667,-,-,-,-,-,-,シーガルズ,116,41,12,35.3,13.67,0,0,0,-,12,4,77,2,3,6,4,64,58,0,90.6
Women,2000_2001,529,第7回Vリーグ女子   レギュラーラウンド,1/6/2001,-,-,1300,0.618055556,0.673611111,0.055555556,-,塚本　健,川畑秀一,田嶋　正男,シーガルズ,パイオニアレッドウィングス,0,3,27,29,0.01875,22,25,0.015972222,22,25,0.016666667,-,-,-,-,-,-,パイオニアレッドウィングス,128,46,11,35.9,15.33,15,5,1,33.3,8,2.67,73,1,9,5,2.8,74,66,0,89.2
Women,2000_2001,530,第7回Vリーグ女子   レギュラーラウンド,1/7/2001,-,-,2091,0.541666667,0.609027778,0.067361111,-,石井　洋壮,金丸　真也,長友　久夫,東洋紡オーキス,NECレッドロケッツ,1,3,13,25,0.0125,25,17,0.015972222,19,25,0.015277778,23,25,0.017361111,-,-,-,東洋紡オーキス,139,48,13,34.5,12,7,1,1,14.3,10,2.5,81,1,1,9,4,83,60,0,72.3
Women,2000_2001,530,第7回Vリーグ女子   レギュラーラウンド,1/7/2001,-,-,2091,0.541666667,0.609027778,0.067361111,-,石井　洋壮,金丸　真也,長友　久夫,東洋紡オーキス,NECレッドロケッツ,3,1,25,13,0.0125,17,25,0.015972222,25,19,0.015277778,25,23,0.017361111,-,-,-,NECレッドロケッツ,152,61,12,40.1,15.25,7,1,2,14.3,13,3.25,91,1,7,23,7.4,79,70,0,88.6
Women,2000_2001,531,第7回Vリーグ女子   レギュラーラウンド,1/7/2001,-,-,2091,0.631944444,0.675,0.043055556,-,中馬　義郎,小坂　芳史,長友　久夫,JTマーヴェラス,日立ベルフィーユ,0,3,19,25,0.0125,20,25,0.013888889,21,25,0.0125,-,-,-,-,-,-,JTマーヴェラス,101,34,6,33.7,11.33,0,0,0,-,4,1.33,61,2,3,9,6.3,63,46,0,73
Women,2000_2001,531,第7回Vリーグ女子   レギュラーラウンド,1/7/2001,-,-,2091,0.631944444,0.675,0.043055556,-,中馬　義郎,小坂　芳史,長友　久夫,JTマーヴェラス,日立ベルフィーユ,3,0,25,19,0.0125,25,20,0.013888889,25,21,0.0125,-,-,-,-,-,-,日立ベルフィーユ,109,54,7,49.5,18,10,2,1,20,8,2.67,74,1,11,16,6.5,58,47,0,81
Women,2000_2001,532,第7回Vリーグ女子   レギュラーラウンド,1/7/2001,-,-,2233,0.416666667,0.484722222,0.068055556,-,大塚達也,上村利也,田嶋正男,シーガルズ,デンソーエアリービーズ,3,1,20,25,0.017361111,25,13,0.015277778,25,19,0.013888889,25,19,0.015277778,-,-,-,シーガルズ,139,55,9,39.6,13.75,3,2,0,66.7,13,3.25,94,3,6,7,5.1,71,62,0,87.3
Women,2000_2001,532,第7回Vリーグ女子   レギュラーラウンド,1/7/2001,-,-,2233,0.416666667,0.484722222,0.068055556,-,大塚達也,上村利也,田嶋正男,シーガルズ,デンソーエアリービーズ,1,3,25,20,0.017361111,13,25,0.015277778,19,25,0.013888889,19,25,0.015277778,-,-,-,デンソーエアリービーズ,140,52,10,37.1,13,7,2,1,28.6,8,2,77,1,5,9,4.2,84,77,0,91.7
Women,2000_2001,533,第7回Vリーグ女子   レギュラーラウンド,1/7/2001,-,-,2351,0.506944444,0.576388889,0.069444444,-,塚本　健　　　　,徳丸　法人　　,鮫島　誓一,イトーヨーカドープリオール,パイオニアレッドウィングス,1,3,19,25,0.014583333,25,18,0.014583333,22,25,0.017361111,21,25,0.016666667,-,-,-,イトーヨーカドープリオール,141,54,10,38.3,13.5,4,0,1,0,12,3,88,1,5,20,6.8,82,70,0,85.4
Women,2000_2001,533,第7回Vリーグ女子   レギュラーラウンド,1/7/2001,-,-,2351,0.506944444,0.576388889,0.069444444,-,塚本　健　　　　,徳丸　法人　　,鮫島　誓一,イトーヨーカドープリオール,パイオニアレッドウィングス,3,1,25,19,0.014583333,18,25,0.014583333,25,22,0.017361111,25,21,0.016666667,-,-,-,パイオニアレッドウィングス,152,57,12,37.5,14.25,21,8,3,38.1,10,2.5,92,6,6,10,8.8,82,62,0,75.6
Women,2000_2001,534,第7回Vリーグ女子   レギュラーラウンド,1/8/2001,-,-,2145,0.541666667,0.623611111,0.081944444,-,石井　洋壮,金丸　真也,高島　弘行,東洋紡オーキス,日立ベルフィーユ,3,2,25,19,0.015277778,30,28,0.019444444,22,25,0.015972222,19,25,0.013888889,15,9,0.009027778,東洋紡オーキス,175,74,15,42.3,14.8,4,1,2,25,14,2.8,111,3,6,40,11.2,97,55,0,56.7
Women,2000_2001,534,第7回Vリーグ女子   レギュラーラウンド,1/8/2001,-,-,2145,0.541666667,0.623611111,0.081944444,-,石井　洋壮,金丸　真也,高島　弘行,東洋紡オーキス,日立ベルフィーユ,2,3,19,25,0.015277778,28,30,0.019444444,25,22,0.015972222,25,19,0.013888889,9,15,0.009027778,日立ベルフィーユ,175,67,9,38.3,13.4,6,2,1,33.3,15,3,106,1,9,41,10.4,105,62,0,59
Women,2000_2001,535,第7回Vリーグ女子   レギュラーラウンド,1/8/2001,-,-,2806,0.649305556,0.695833333,0.046527778,-,中馬　義郎,小坂　芳史,長友　久夫,JTマーヴェラス,NECレッドロケッツ,0,3,21,25,0.013194444,21,25,0.014583333,21,25,0.014583333,-,-,-,-,-,-,JTマーヴェラス,116,40,4,34.5,13.33,0,0,0,-,4,1.33,64,0,3,19,7.4,70,35,0,50
Women,2000_2001,535,第7回Vリーグ女子   レギュラーラウンド,1/8/2001,-,-,2806,0.649305556,0.695833333,0.046527778,-,中馬　義郎,小坂　芳史,長友　久夫,JTマーヴェラス,NECレッドロケッツ,3,0,25,21,0.013194444,25,21,0.014583333,25,21,0.014583333,-,-,-,-,-,-,NECレッドロケッツ,138,58,14,42,19.33,7,1,2,14.3,7,2.33,74,3,4,32,14.1,61,42,0,68.9
Women,2000_2001,536,第7回Vリーグ女子   レギュラーラウンド,1/8/2001,-,-,1385,0.5,0.548611111,0.048611111,-,大塚　達也,東　博志,詫摩　琢也,パイオニアレッドウィングス,デンソーエアリービーズ,3,0,25,20,0.015277778,25,16,0.013888889,25,16,0.015277778,-,-,-,-,-,-,パイオニアレッドウィングス,129,51,9,39.5,17,16,6,2,37.5,7,2.33,73,1,2,4,2.5,49,46,0,93.9
Women,2000_2001,536,第7回Vリーグ女子   レギュラーラウンド,1/8/2001,-,-,1385,0.5,0.548611111,0.048611111,-,大塚　達也,東　博志,詫摩　琢也,パイオニアレッドウィングス,デンソーエアリービーズ,0,3,20,25,0.015277778,16,25,0.013888889,16,25,0.015277778,-,-,-,-,-,-,デンソーエアリービーズ,123,34,8,27.6,11.33,5,2,1,40,6,2,54,0,5,3,1.4,71,66,0,93
Women,2000_2001,537,第7回Vリーグ女子   レギュラーラウンド,1/8/2001,-,-,1441,0.572916667,0.658333333,0.085416667,-,塚本　健,上村利也,上床美幸,イトーヨーカドープリオール,シーガルズ,3,2,25,23,0.017361111,25,18,0.016666667,22,25,0.015277778,26,28,0.01875,15,8,0.009027778,イトーヨーカドープリオール,196,78,11,39.8,15.6,0,0,0,-,16,3.2,112,7,5,8,7.1,99,87,0,87.9
Women,2000_2001,537,第7回Vリーグ女子   レギュラーラウンド,1/8/2001,-,-,1441,0.572916667,0.658333333,0.085416667,-,塚本　健,上村利也,上床美幸,イトーヨーカドープリオール,シーガルズ,2,3,23,25,0.017361111,18,25,0.016666667,25,22,0.015277778,28,26,0.01875,8,15,0.009027778,シーガルズ,178,70,6,39.3,14,7,3,1,42.9,8,1.6,103,6,2,8,7,105,92,0,87.6
Women,2000_2001,538,第7回Vリーグ女子   レギュラーラウンド,1/13/2001,-,山口県スポーツ文化センター,2050,0.583333333,0.652777778,0.069444444,-,加治　健男,大下　浩司,萩原　洋行,日立ベルフィーユ,久光製薬スプリングス,1,3,18,25,0.014583333,23,25,0.017361111,25,15,0.013194444,20,25,0.018055556,-,-,-,日立ベルフィーユ,149,52,5,34.9,13,8,4,1,50,11,2.75,87,1,4,19,6.4,80,57,0,71.2
Women,2000_2001,538,第7回Vリーグ女子   レギュラーラウンド,1/13/2001,-,山口県スポーツ文化センター,2050,0.583333333,0.652777778,0.069444444,-,加治　健男,大下　浩司,萩原　洋行,日立ベルフィーユ,久光製薬スプリングス,3,1,25,18,0.014583333,25,23,0.017361111,15,25,0.013194444,25,20,0.018055556,-,-,-,久光製薬スプリングス,162,64,12,39.5,16,9,3,0,33.3,10,2.5,89,5,7,20,10.6,83,63,0,75.9
Women,2000_2001,539,第7回Vリーグ女子   レギュラーラウンド,1/13/2001,-,山口県スポーツ文化センター,2150,0.677083333,0.725694444,0.048611111,-,石井　洋荘,松本　富士雄,山崎　勝之,NECレッドロケッツ,東レアローズ,3,0,25,18,0.013194444,25,23,0.015972222,25,21,0.015277778,-,-,-,-,-,-,NECレッドロケッツ,97,45,4,46.4,15,3,0,0,0,8,2.67,73,5,6,17,11.8,54,37,0,68.5
Women,2000_2001,539,第7回Vリーグ女子   レギュラーラウンド,1/13/2001,-,山口県スポーツ文化センター,2150,0.677083333,0.725694444,0.048611111,-,石井　洋荘,松本　富士雄,山崎　勝之,NECレッドロケッツ,東レアローズ,0,3,18,25,0.013194444,23,25,0.015972222,21,25,0.015277778,-,-,-,-,-,-,東レアローズ,100,41,5,41,13.67,4,1,0,25,3,1,64,3,9,15,9.9,65,45,0,69.2
Women,2000_2001,540,第7回Vリーグ女子   レギュラーラウンド,1/13/2001,-,山形市総合スポーツセンター,3200,0.586805556,0.659027778,0.072222222,-,斎藤　篤,野澤　正美,横山　満,東洋紡オーキス,シーガルズ,3,1,25,17,0.016666667,25,22,0.015972222,18,25,0.015972222,25,22,0.017361111,-,-,0,東洋紡オーキス,169,65,5,38.5,16.25,1,0,0,0,12,3,92,3,5,34,12.3,82,46,0,56.1
Women,2000_2001,540,第7回Vリーグ女子   レギュラーラウンド,1/13/2001,-,山形市総合スポーツセンター,3200,0.586805556,0.659027778,0.072222222,-,斎藤　篤,野澤　正美,横山　満,東洋紡オーキス,シーガルズ,1,3,17,25,0.016666667,22,25,0.015972222,25,18,0.015972222,22,25,0.017361111,-,-,0,シーガルズ,166,56,7,33.7,14,1,0,0,0,13,3.25,87,2,4,35,12.1,84,49,0,58.3
Women,2000_2001,541,第7回Vリーグ女子   レギュラーラウンド,1/13/2001,-,山形市総合スポーツセンター,4300,0.681944444,0.727083333,0.045138889,-,佐々木　克之,石井　正宏,佐々木　一孝,パイオニアレッドウィングス,JTマーヴェラス,3,0,25,12,0.009722222,27,25,0.018055556,25,16,0.013194444,-,-,-,-,-,-,パイオニアレッドウィングス,101,58,6,57.4,19.33,6,3,0,50,4,1.33,76,2,6,18,8.3,49,35,0,71.4
Women,2000_2001,541,第7回Vリーグ女子   レギュラーラウンド,1/13/2001,-,山形市総合スポーツセンター,4300,0.681944444,0.727083333,0.045138889,-,佐々木　克之,石井　正宏,佐々木　一孝,パイオニアレッドウィングス,JTマーヴェラス,0,3,12,25,0.009722222,25,27,0.018055556,16,25,0.013194444,-,-,-,-,-,-,JTマーヴェラス,96,38,4,39.6,12.67,2,0,0,0,2,0.67,54,0,5,14,6.5,69,50,0,72.5
Women,2000_2001,542,第7回Vリーグ女子   レギュラーラウンド,1/14/2001,-,山口県スポーツ文化センター,2250,0.541666667,0.590972222,0.049305556,-,石井　洋荘,渡邉　信義,萩原　洋行,久光製薬スプリングス,NECレッドロケッツ,0,3,17,25,0.013888889,13,25,0.014583333,22,25,0.016666667,-,-,-,-,-,-,久光製薬スプリングス,100,29,9,29,9.67,6,2,3,33.3,5,1.67,54,3,9,7,7.7,62,48,0,77.4
Women,2000_2001,542,第7回Vリーグ女子   レギュラーラウンド,1/14/2001,-,山口県スポーツ文化センター,2250,0.541666667,0.590972222,0.049305556,-,石井　洋荘,渡邉　信義,萩原　洋行,久光製薬スプリングス,NECレッドロケッツ,3,0,25,17,0.013888889,25,13,0.014583333,25,22,0.016666667,-,-,-,-,-,-,NECレッドロケッツ,95,41,4,43.2,13.67,5,1,0,20,11,3.67,73,4,9,12,9,45,35,0,77.8
Women,2000_2001,543,第7回Vリーグ女子   レギュラーラウンド,1/14/2001,-,山口県スポーツ文化センター,2400,0.614583333,0.686805556,0.072222222,-,加治　健男,松本　富士雄,山崎　勝之,日立ベルフィーユ,東レアローズ,3,2,25,23,0.014583333,19,25,0.013888889,17,25,0.011805556,25,19,0.013888889,15,11,0.009722222,日立ベルフィーユ,138,55,9,39.9,11,9,5,1,55.6,21,4.2,100,2,6,11,4.3,89,59,0,66.3
Women,2000_2001,543,第7回Vリーグ女子   レギュラーラウンド,1/14/2001,-,山口県スポーツ文化センター,2400,0.614583333,0.686805556,0.072222222,-,加治　健男,松本　富士雄,山崎　勝之,日立ベルフィーユ,東レアローズ,2,3,23,25,0.014583333,25,19,0.013888889,25,17,0.011805556,19,25,0.013888889,11,15,0.009722222,東レアローズ,160,68,5,42.5,13.6,9,2,1,22.2,12,2.4,104,5,15,25,9.9,94,81,0,86.2
Women,2000_2001,544,第7回Vリーグ女子   レギュラーラウンド,1/14/2001,-,山形市総合スポーツセンター,3250,0.545138889,0.627777778,0.082638889,-,斎藤　篤,野澤　正美,佐藤　陽一,JTマーヴェラス,シーガルズ,3,2,24,26,0.017361111,11,25,0.011111111,26,24,0.018055556,25,18,0.013888889,22,20,0.013888889,JTマーヴェラス,222,87,5,39.2,17.4,0,0,0,-,6,1.2,107,2,3,31,9.1,113,78,0,69
Women,2000_2001,544,第7回Vリーグ女子   レギュラーラウンド,1/14/2001,-,山形市総合スポーツセンター,3250,0.545138889,0.627777778,0.082638889,-,斎藤　篤,野澤　正美,佐藤　陽一,JTマーヴェラス,シーガルズ,2,3,26,24,0.017361111,25,11,0.011111111,24,26,0.018055556,18,25,0.013888889,20,22,0.013888889,シーガルズ,197,81,8,41.1,16.2,9,3,1,33.3,19,3.8,114,0,1,35,7.7,102,71,0,69.6
Women,2000_2001,545,第7回Vリーグ女子   レギュラーラウンド,1/14/2001,-,山形市総合スポーツセンター,4700,0.649305556,0.721527778,0.072222222,-,佐々木　克之,石井　正宏,仁藤　誠,パイオニアレッドウィングス,東洋紡オーキス,1,3,23,25,0.016666667,25,22,0.01875,22,25,0.015972222,17,25,0.014583333,-,-,-,パイオニアレッドウィングス,162,64,8,39.5,16,24,8,1,33.3,6,1.5,86,2,4,13,5.9,91,65,0,71.4
Women,2000_2001,545,第7回Vリーグ女子   レギュラーラウンド,1/14/2001,-,山形市総合スポーツセンター,4700,0.649305556,0.721527778,0.072222222,-,佐々木　克之,石井　正宏,仁藤　誠,パイオニアレッドウィングス,東洋紡オーキス,3,1,25,23,0.016666667,22,25,0.01875,25,22,0.015972222,25,17,0.014583333,-,-,-,東洋紡オーキス,150,66,8,44,16.5,2,0,1,0,12,3,96,0,5,26,6.8,81,67,0,82.7
Women,2000_2001,546,第7回Vリーグ女子   レギュラーラウンド,1/20/2001,-,浦安市運動公園総合体育館,1500,0.586805556,0.6375,0.050694444,-,深谷　信　,河路重行　,丹正義博,JTマーヴェラス,イトーヨーカドープリオール,0,3,28,30,0.01875,15,25,0.013888889,15,25,0.013888889,-,-,-,-,-,-,JTマーヴェラス,117,34,5,29.1,11.33,1,0,0,0,6,2,59,2,3,12,8.5,73,49,0,67.1
Women,2000_2001,546,第7回Vリーグ女子   レギュラーラウンド,1/20/2001,-,浦安市運動公園総合体育館,1500,0.586805556,0.6375,0.050694444,-,深谷　信　,河路重行　,丹正義博,JTマーヴェラス,イトーヨーカドープリオール,3,0,30,28,0.01875,25,15,0.013888889,25,15,0.013888889,-,-,-,-,-,-,イトーヨーカドープリオール,122,53,9,43.4,17.67,3,0,0,0,13,4.33,79,1,5,24,8.9,54,42,0,77.8
Women,2000_2001,547,第7回Vリーグ女子   レギュラーラウンド,1/20/2001,-,東京体育館,4000,0.583333333,0.627777778,0.044444444,-,小林　朝実,山田　道人,中嶋　幹朗,東レアローズ,NECレッドロケッツ,0,3,17,25,0.0125,11,25,0.0125,21,25,0.015277778,-,-,-,-,-,-,東レアローズ,85,29,8,34.1,9.67,2,0,0,0,1,0.33,51,0,7,9,4.4,67,34,0,50.7
Women,2000_2001,547,第7回Vリーグ女子   レギュラーラウンド,1/20/2001,-,東京体育館,4000,0.583333333,0.627777778,0.044444444,-,小林　朝実,山田　道人,中嶋　幹朗,東レアローズ,NECレッドロケッツ,3,0,25,17,0.0125,25,11,0.0125,25,21,0.015277778,-,-,-,-,-,-,NECレッドロケッツ,93,45,14,48.4,15,5,2,0,40,6,2,73,6,4,29,17.1,44,35,0,79.5
Women,2000_2001,548,第7回Vリーグ女子   レギュラーラウンド,1/20/2001,-,ウインク体育館,2925,0.541666667,0.632638889,0.090972222,-,田野　昭彦,森岡　伸次,入江　健治,デンソーエアリービーズ,シーガルズ,3,2,22,25,0.017361111,26,24,0.018055556,25,22,0.019444444,24,26,0.018055556,15,12,0.009722222,デンソーエアリービーズ,197,88,14,44.7,17.6,8,2,1,25,6,1.2,112,2,10,19,5.7,101,78,0,77.2
Women,2000_2001,548,第7回Vリーグ女子   レギュラーラウンド,1/20/2001,-,ウインク体育館,2925,0.541666667,0.632638889,0.090972222,-,田野　昭彦,森岡　伸次,入江　健治,デンソーエアリービーズ,シーガルズ,2,3,25,22,0.017361111,24,26,0.018055556,22,25,0.019444444,26,24,0.018055556,12,15,0.009722222,シーガルズ,201,66,7,32.8,13.2,3,0,0,0,14,2.8,109,1,8,22,5.8,102,81,0,79.4
Women,2000_2001,549,第7回Vリーグ女子   レギュラーラウンド,1/20/2001,-,ウインク体育館,2800,0.65625,0.738194444,0.081944444,-,芦田　光巨,藤田　浩毅,瀬戸川　孝,東洋紡オーキス,久光製薬スプリングス,3,2,23,25,0.018055556,25,21,0.016666667,25,14,0.013888889,19,25,0.015277778,15,13,0.009722222,東洋紡オーキス,168,57,9,33.9,11.4,10,4,3,40,17,3.4,107,2,7,19,6.1,85,68,0,80
Women,2000_2001,549,第7回Vリーグ女子   レギュラーラウンド,1/20/2001,-,ウインク体育館,2800,0.65625,0.738194444,0.081944444,-,芦田　光巨,藤田　浩毅,瀬戸川　孝,東洋紡オーキス,久光製薬スプリングス,2,3,25,23,0.018055556,21,25,0.016666667,14,25,0.013888889,25,19,0.015277778,13,15,0.009722222,久光製薬スプリングス,179,68,15,38,13.6,7,2,1,28.6,11,2.2,98,2,12,16,5.9,99,79,0,79.8
Women,2000_2001,550,第7回Vリーグ女子   レギュラーラウンド,1/21/2001,-,浦安市運動公園総合体育館,1880,0.545138889,0.626388889,0.08125,-,深谷　信,上野　恵次,松沢　史郎,東レアローズ,イトーヨーカドープリオール,3,2,18,25,0.013888889,18,25,0.015277778,25,20,0.015972222,25,21,0.015972222,17,15,0.011805556,東レアローズ,159,66,12,41.5,13.2,3,2,1,66.7,11,2.2,103,4,7,19,8.1,96,64,0,66.7
Women,2000_2001,550,第7回Vリーグ女子   レギュラーラウンド,1/21/2001,-,浦安市運動公園総合体育館,1880,0.545138889,0.626388889,0.08125,-,深谷　信,上野　恵次,松沢　史郎,東レアローズ,イトーヨーカドープリオール,2,3,25,18,0.013888889,25,18,0.015277778,20,25,0.015972222,21,25,0.015972222,15,17,0.011805556,イトーヨーカドープリオール,149,66,9,44.3,13.2,0,0,0,-,17,3.4,106,1,10,31,8.1,94,73,0,77.7
Women,2000_2001,551,第7回Vリーグ女子   レギュラーラウンド,1/21/2001,-,東京体育館,4000,0.541666667,0.584027778,0.042361111,-,富田　満,田中　昭彦,長谷川　登,NECレッドロケッツ,JTマーヴェラス,3,0,25,13,0.0125,25,20,0.013194444,25,18,0.0125,-,-,-,-,-,-,NECレッドロケッツ,112,48,5,42.9,16,10,0,2,0,6,2,73,6,8,11,11.2,50,50,0,100
Women,2000_2001,551,第7回Vリーグ女子   レギュラーラウンド,1/21/2001,-,東京体育館,4000,0.541666667,0.584027778,0.042361111,-,富田　満,田中　昭彦,長谷川　登,NECレッドロケッツ,JTマーヴェラス,0,3,13,25,0.0125,20,25,0.013194444,18,25,0.0125,-,-,-,-,-,-,JTマーヴェラス,104,29,9,27.9,9.67,0,0,0,-,7,2.33,53,0,3,0,0,61,47,0,77
Women,2000_2001,552,第7回Vリーグ女子   レギュラーラウンド,1/21/2001,-,-,2100,0.541666667,0.590972222,0.049305556,-,芦田　光巨,藤田　浩毅,入江　健治,シーガルズ,東洋紡オーキス,0,3,15,25,0.013194444,21,25,0.016666667,20,25,0.015277778,-,-,-,-,-,-,シーガルズ,112,35,9,31.2,11.67,1,0,1,0,9,3,57,1,3,6,4.4,68,52,0,76.5
Women,2000_2001,552,第7回Vリーグ女子   レギュラーラウンド,1/21/2001,-,-,2100,0.541666667,0.590972222,0.049305556,-,芦田　光巨,藤田　浩毅,入江　健治,シーガルズ,東洋紡オーキス,3,0,25,15,0.013194444,25,21,0.016666667,25,20,0.015277778,-,-,-,-,-,-,東洋紡オーキス,107,50,4,46.7,16.67,2,0,0,0,9,3,74,2,5,15,7.5,53,47,0,88.7
Women,2000_2001,553,第7回Vリーグ女子   レギュラーラウンド,1/21/2001,-,-,2200,0.614583333,0.664583333,0.05,-,田野　昭彦,森岡　伸次,児島　廣幸,久光製薬スプリングス,デンソーエアリービーズ,3,0,25,14,0.015277778,25,20,0.014583333,25,20,0.015972222,-,-,-,-,-,-,久光製薬スプリングス,123,39,4,31.7,13,2,0,0,0,13,4.33,73,4,3,14,9.2,51,43,0,84.3
Women,2000_2001,553,第7回Vリーグ女子   レギュラーラウンド,1/21/2001,-,-,2200,0.614583333,0.664583333,0.05,-,田野　昭彦,森岡　伸次,児島　廣幸,久光製薬スプリングス,デンソーエアリービーズ,0,3,14,25,0.015277778,20,25,0.014583333,20,25,0.015972222,-,-,-,-,-,-,デンソーエアリービーズ,131,37,12,28.2,12.33,11,4,2,36.4,7,2.33,56,1,4,8,5.4,70,52,0,74.3
Women,2000_2001,554,第7回Vリーグ女子   レギュラーラウンド,1/26/2001,-,刈谷市体育館,1050,0.770833333,0.841666667,0.070833333,-,広田　修二,浅見　靖人,井村　幸二,デンソーエアリービーズ,東洋紡オーキス,1,3,24,26,0.017361111,25,20,0.017361111,17,25,0.014583333,16,25,0.015277778,-,-,-,デンソーエアリービーズ,160,63,9,39.4,15.75,5,2,2,40,8,2,83,2,6,16,7,89,67,0,75.3
Women,2000_2001,554,第7回Vリーグ女子   レギュラーラウンド,1/26/2001,-,刈谷市体育館,1050,0.770833333,0.841666667,0.070833333,-,広田　修二,浅見　靖人,井村　幸二,デンソーエアリービーズ,東洋紡オーキス,3,1,26,24,0.017361111,20,25,0.017361111,25,17,0.014583333,25,16,0.015277778,-,-,-,東洋紡オーキス,134,58,2,43.3,14.5,5,1,0,20,17,4.25,95,2,6,20,6.9,76,59,0,77.6
Women,2000_2001,555,第7回Vリーグ女子   レギュラーラウンド,1/27/2001,-,三重県営サンアリーナ,3800,0.583333333,0.638194444,0.054861111,-,橘田　昇,倉野　勝治,中口　孝,デンソーエアリービーズ,イトーヨーカドープリオール,0,3,24,26,0.017361111,14,25,0.013888889,26,28,0.0125,-,-,-,-,-,-,デンソーエアリービーズ,123,40,9,32.5,13.33,4,1,1,25,6,2,66,1,4,9,4.6,70,55,0,78.6
Women,2000_2001,555,第7回Vリーグ女子   レギュラーラウンド,1/27/2001,-,三重県営サンアリーナ,3800,0.583333333,0.638194444,0.054861111,-,橘田　昇,倉野　勝治,中口　孝,デンソーエアリービーズ,イトーヨーカドープリオール,3,0,26,24,0.017361111,25,14,0.013888889,28,26,0.0125,-,-,-,-,-,-,イトーヨーカドープリオール,129,58,10,45,19.33,2,0,1,0,4,1.33,77,2,6,14,6.9,62,52,0,83.9
Women,2000_2001,556,第7回Vリーグ女子   レギュラーラウンド,1/27/2001,-,三重県営サンアリーナ,3800,0.663194444,0.718055556,0.054861111,-,広田　修二,秦　伸吾,近澤　音美,NECレッドロケッツ,東洋紡オーキス,0,3,24,26,0.016666667,22,25,0.017361111,21,25,0.016666667,-,-,-,-,-,-,NECレッドロケッツ,131,55,9,42,18.33,4,1,1,25,3,1,68,1,4,12,5.9,68,61,0,89.7
Women,2000_2001,556,第7回Vリーグ女子   レギュラーラウンド,1/27/2001,-,三重県営サンアリーナ,3800,0.663194444,0.718055556,0.054861111,-,広田　修二,秦　伸吾,近澤　音美,NECレッドロケッツ,東洋紡オーキス,3,0,26,24,0.016666667,25,22,0.017361111,25,21,0.016666667,-,-,-,-,-,-,東洋紡オーキス,104,42,1,40.4,14,3,1,0,33.3,14,4.67,75,2,6,6,4.4,63,51,0,81
Women,2000_2001,557,第7回Vリーグ女子   レギュラーラウンド,1/27/2001,-,-,2300,0.583333333,0.658333333,0.075,-,深谷　　信,大塚　春夫,森　　俊雄,日立ベルフィーユ,東レアローズ,2,3,25,18,0.013888889,25,20,0.013194444,24,26,0.015972222,14,25,0.013194444,13,15,0.010416667,日立ベルフィーユ,132,61,12,46.2,12.2,8,2,1,25,15,3,101,9,9,13,10.9,96,61,0,63.5
Women,2000_2001,557,第7回Vリーグ女子   レギュラーラウンド,1/27/2001,-,-,2300,0.583333333,0.658333333,0.075,-,深谷　　信,大塚　春夫,森　　俊雄,日立ベルフィーユ,東レアローズ,3,2,18,25,0.013888889,20,25,0.013194444,26,24,0.015972222,25,14,0.013194444,15,13,0.010416667,東レアローズ,129,68,5,52.7,13.6,8,1,1,12.5,7,1.4,104,6,8,29,11.6,88,69,0,78.4
Women,2000_2001,558,第7回Vリーグ女子   レギュラーラウンド,1/27/2001,-,-,2300,0.686111111,0.758333333,0.072222222,-,小柴　　滋,武樋　誠仁,小笠原　剛,JTマーヴェラス,パイオニアレッドウィングス,2,3,17,25,0.011111111,25,21,0.014583333,22,25,0.014583333,25,22,0.015277778,12,15,0.008333333,JTマーヴェラス,170,73,8,42.9,14.6,0,0,0,-,11,2.2,101,3,7,13,5.6,103,90,0,87.4
Women,2000_2001,558,第7回Vリーグ女子   レギュラーラウンド,1/27/2001,-,-,2300,0.686111111,0.758333333,0.072222222,-,小柴　　滋,武樋　誠仁,小笠原　剛,JTマーヴェラス,パイオニアレッドウィングス,3,2,25,17,0.011111111,21,25,0.014583333,25,22,0.014583333,22,25,0.015277778,15,12,0.008333333,パイオニアレッドウィングス,177,77,8,43.5,15.4,15,8,0,53.3,8,1.6,108,5,5,8,5.6,94,78,0,83
Women,2000_2001,559,第7回Vリーグ女子   レギュラーラウンド,1/28/2001,-,岐阜アリーナ,2300,0.604166667,0.669444444,0.065277778,-,橘田　昇,小林　健夫,前田　秀夫,デンソーエアリービーズ,NECレッドロケッツ,1,3,25,19,0.013888889,20,25,0.015972222,11,25,0.013888889,20,25,0.015277778,-,-,-,デンソーエアリービーズ,139,52,10,37.4,13,2,0,0,0,10,2.5,77,2,3,21,9.2,83,58,0,69.9
Women,2000_2001,559,第7回Vリーグ女子   レギュラーラウンド,1/28/2001,-,岐阜アリーナ,2300,0.604166667,0.669444444,0.065277778,-,橘田　昇,小林　健夫,前田　秀夫,デンソーエアリービーズ,NECレッドロケッツ,3,1,19,25,0.013888889,25,20,0.015972222,25,11,0.013888889,25,20,0.015277778,-,-,-,NECレッドロケッツ,145,61,4,42.1,15.25,5,1,1,20,11,2.75,93,6,7,22,11.7,73,51,0,69.9
Women,2000_2001,560,第7回Vリーグ女子   レギュラーラウンド,1/28/2001,-,岐阜アリーナ,2100,0.694444444,0.764583333,0.070138889,-,広田　修二,高橋　弘二,近藤　和子,イトーヨーカドープリオール,東洋紡オーキス,3,1,21,25,0.013888889,25,18,0.015972222,25,23,0.017361111,26,24,0.016666667,-,-,-,イトーヨーカドープリオール,180,71,13,39.4,17.75,0,0,0,-,10,2.5,96,3,7,31,10.6,84,65,0,77.4
Women,2000_2001,560,第7回Vリーグ女子   レギュラーラウンド,1/28/2001,-,岐阜アリーナ,2100,0.694444444,0.764583333,0.070138889,-,広田　修二,高橋　弘二,近藤　和子,イトーヨーカドープリオール,東洋紡オーキス,1,3,25,21,0.013888889,18,25,0.015972222,23,25,0.017361111,24,26,0.016666667,-,-,-,東洋紡オーキス,140,50,4,35.7,12.5,3,1,1,33.3,16,4,91,4,7,15,7.6,89,55,0,61.8
Women,2000_2001,561,第7回Vリーグ女子   レギュラーラウンド,1/28/2001,-,-,2300,0.541666667,0.624305556,0.082638889,-,小柴　　滋,武樋　誠仁,楠瀬　拓也,東レアローズ,パイオニアレッドウィングス,2,3,25,19,0.013194444,32,34,0.020833333,25,16,0.014583333,23,25,0.014583333,13,15,0.011111111,東レアローズ,162,73,6,45.1,14.6,5,2,0,40,13,2.6,118,7,7,35,12.7,98,80,0,81.6
Women,2000_2001,561,第7回Vリーグ女子   レギュラーラウンド,1/28/2001,-,-,2300,0.541666667,0.624305556,0.082638889,-,小柴　　滋,武樋　誠仁,楠瀬　拓也,東レアローズ,パイオニアレッドウィングス,3,2,19,25,0.013194444,34,32,0.020833333,16,25,0.014583333,25,23,0.014583333,15,13,0.011111111,パイオニアレッドウィングス,171,76,14,44.4,15.2,9,2,3,22.2,11,2.2,109,4,9,16,7,108,69,0,63.9
Women,2000_2001,562,第7回Vリーグ女子   レギュラーラウンド,1/28/2001,-,-,2300,0.649305556,0.692361111,0.043055556,-,深谷　　信,大塚　春夫,森　俊雄,JTマーヴェラス,日立ベルフィーユ,0,3,21,25,0.0125,19,25,0.0125,21,25,0.013888889,-,-,-,-,-,-,JTマーヴェラス,103,41,10,39.8,13.67,9,1,3,11.1,5,1.67,62,1,2,6,3.7,69,59,0,85.5
Women,2000_2001,562,第7回Vリーグ女子   レギュラーラウンド,1/28/2001,-,-,2300,0.649305556,0.692361111,0.043055556,-,深谷　　信,大塚　春夫,森　俊雄,JTマーヴェラス,日立ベルフィーユ,3,0,25,21,0.0125,25,19,0.0125,25,21,0.013888889,-,-,-,-,-,-,日立ベルフィーユ,105,47,8,44.8,15.67,7,3,1,42.9,11,3.67,74,2,5,8,4.9,60,53,0,88.3
Women,2000_2001,563,第7回Vリーグ女子   レギュラーラウンド,2/3/2001,-,大阪府立体育会館,2200,0.583333333,0.645833333,0.0625,-,田野　敏彦,寺口　克彦,越村　弘,東洋紡オーキス,東レアローズ,3,1,25,20,0.014583333,13,25,0.0125,25,23,0.015972222,25,17,0.013194444,-,-,-,東洋紡オーキス,130,61,3,46.9,15.25,5,1,1,20,14,3.5,87,1,3,22,7.2,80,54,0,67.5
Women,2000_2001,563,第7回Vリーグ女子   レギュラーラウンド,2/3/2001,-,大阪府立体育会館,2200,0.583333333,0.645833333,0.0625,-,田野　敏彦,寺口　克彦,越村　弘,東洋紡オーキス,東レアローズ,1,3,20,25,0.014583333,25,13,0.0125,23,25,0.015972222,17,25,0.013194444,-,-,-,東レアローズ,131,59,3,45,14.75,6,3,0,50,13,3.25,86,4,5,23,10.6,84,61,0,72.6
Women,2000_2001,564,第7回Vリーグ女子   レギュラーラウンド,2/3/2001,-,大阪府立体育会館,1900,0.670138889,0.732638889,0.0625,-,伊藤　博之,江下　毅,宇代　徹,デンソーエアリービーズ,JTマーヴェラス,1,3,25,19,0.013194444,22,25,0.013888889,21,25,0.014583333,16,25,0.014583333,-,-,-,デンソーエアリービーズ,158,59,7,37.3,14.75,3,0,1,0,7,1.75,85,2,5,20,7.8,91,64,0,70.3
Women,2000_2001,564,第7回Vリーグ女子   レギュラーラウンド,2/3/2001,-,大阪府立体育会館,1900,0.670138889,0.732638889,0.0625,-,伊藤　博之,江下　毅,宇代　徹,デンソーエアリービーズ,JTマーヴェラス,3,1,19,25,0.013194444,25,22,0.013888889,25,21,0.014583333,25,16,0.014583333,-,-,-,JTマーヴェラス,165,65,13,39.4,16.25,1,0,0,0,10,2.5,93,3,1,25,9.5,80,58,0,72.5
Women,2000_2001,565,第7回Vリーグ女子   レギュラーラウンド,2/3/2001,-,須賀川アリーナ,1263,0.584027778,0.652777778,0.06875,-,斎藤　篤,村上　成司,高野　年昭,久光製薬スプリングス,日立ベルフィーユ,3,1,25,22,0.018055556,25,22,0.015972222,17,25,0.013194444,25,17,0.015277778,-,-,-,久光製薬スプリングス,157,70,10,44.6,17.5,7,6,0,85.7,9,2.25,91,3,7,29,10.6,86,56,0,65.1
Women,2000_2001,565,第7回Vリーグ女子   レギュラーラウンド,2/3/2001,-,須賀川アリーナ,1263,0.584027778,0.652777778,0.06875,-,斎藤　篤,村上　成司,高野　年昭,久光製薬スプリングス,日立ベルフィーユ,1,3,22,25,0.018055556,22,25,0.015972222,25,17,0.013194444,17,25,0.015277778,-,-,-,日立ベルフィーユ,148,48,5,32.4,12,4,2,0,50,13,3.25,87,5,1,25,11.8,84,52,0,61.9
Women,2000_2001,566,第7回Vリーグ女子   レギュラーラウンド,2/3/2001,-,須賀川アリーナ,1263,0.677083333,0.74375,0.066666667,-,佐々木　克之,国分　常弘,木村　万由美,シーガルズ,パイオニアレッドウィングス,3,1,18,25,0.014583333,25,19,0.014583333,25,23,0.018055556,25,14,0.013194444,-,-,-,シーガルズ,139,62,4,44.6,15.5,3,1,0,33.3,12,3,92,1,3,26,8.2,74,55,0,74.3
Women,2000_2001,566,第7回Vリーグ女子   レギュラーラウンド,2/3/2001,-,須賀川アリーナ,1263,0.677083333,0.74375,0.066666667,-,佐々木　克之,国分　常弘,木村　万由美,シーガルズ,パイオニアレッドウィングス,1,3,25,18,0.014583333,19,25,0.014583333,23,25,0.018055556,14,25,0.013194444,-,-,-,パイオニアレッドウィングス,159,59,7,37.1,14.75,13,6,2,46.2,7,1.75,82,4,5,18,10.1,87,61,0,70.1
Women,2000_2001,567,第7回Vリーグ女子   レギュラーラウンド,2/4/2001,-,大阪府立体育会館,2100,0.541666667,0.618055556,0.076388889,-,田野　昭彦,寺口　克彦,宮階　和世,デンソーエアリービーズ,東レアローズ,2,3,26,24,0.016666667,25,14,0.0125,9,25,0.011111111,26,28,0.01875,10,15,0.009027778,デンソーエアリービーズ,161,68,10,42.2,13.6,5,2,2,40,8,1.6,97,3,10,19,8,98,66,0,67.3
Women,2000_2001,567,第7回Vリーグ女子   レギュラーラウンド,2/4/2001,-,大阪府立体育会館,2100,0.541666667,0.618055556,0.076388889,-,田野　昭彦,寺口　克彦,宮階　和世,デンソーエアリービーズ,東レアローズ,3,2,24,26,0.016666667,14,25,0.0125,25,9,0.011111111,28,26,0.01875,15,10,0.009027778,東レアローズ,144,65,6,45.1,13,0,0,0,-,10,2,105,2,5,31,9.1,84,65,0,77.4
Women,2000_2001,568,第7回Vリーグ女子   レギュラーラウンド,2/4/2001,-,大阪府立体育会館,2100,0.640277778,0.686805556,0.046527778,-,田野　敏彦,江下　毅,和佐田　信行,東洋紡オーキス,JTマーヴェラス,3,0,25,20,0.013194444,25,22,0.013194444,26,24,0.015972222,-,-,-,-,-,-,東洋紡オーキス,96,46,8,47.9,15.33,3,1,0,33.3,10,3.33,74,2,7,16,7.6,60,46,0,76.7
Women,2000_2001,568,第7回Vリーグ女子   レギュラーラウンド,2/4/2001,-,大阪府立体育会館,2100,0.640277778,0.686805556,0.046527778,-,田野　敏彦,江下　毅,和佐田　信行,東洋紡オーキス,JTマーヴェラス,0,3,20,25,0.013194444,22,25,0.013194444,24,26,0.015972222,-,-,-,-,-,-,JTマーヴェラス,116,46,7,39.7,15.33,0,0,0,-,2,0.67,68,1,7,14,6.6,67,49,0,73.1
Women,2000_2001,569,第7回Vリーグ女子   レギュラーラウンド,2/4/2001,-,須賀川アリーナ,1644,0.541666667,0.623611111,0.081944444,-,村上　成司,阪田　一美,高野　年昭,久光製薬スプリングス,パイオニアレッドウィングス,2,3,25,23,0.016666667,21,25,0.017361111,25,14,0.0125,23,25,0.017361111,9,15,0.009722222,久光製薬スプリングス,189,63,9,33.3,12.6,8,1,1,12.5,8,1.6,103,1,8,22,6.1,93,70,0,75.3
Women,2000_2001,569,第7回Vリーグ女子   レギュラーラウンド,2/4/2001,-,須賀川アリーナ,1644,0.541666667,0.623611111,0.081944444,-,村上　成司,阪田　一美,高野　年昭,久光製薬スプリングス,パイオニアレッドウィングス,3,2,23,25,0.016666667,25,21,0.017361111,14,25,0.0125,25,23,0.017361111,15,9,0.009722222,パイオニアレッドウィングス,177,63,17,35.6,12.6,45,15,8,33.3,14,2.8,102,2,8,22,7.2,95,72,0,75.8
Women,2000_2001,570,第7回Vリーグ女子   レギュラーラウンド,2/4/2001,-,須賀川アリーナ,1895,0.649305556,0.695833333,0.046527778,-,佐々木　克之,斎藤　篤,木村　万由美,シーガルズ,日立ベルフィーユ,0,3,18,25,0.013888889,22,25,0.015277778,15,25,0.013194444,-,-,-,-,-,-,シーガルズ,102,38,10,37.3,12.67,2,1,0,50,2,0.67,56,0,4,10,4.5,67,46,0,68.7
Women,2000_2001,570,第7回Vリーグ女子   レギュラーラウンド,2/4/2001,-,須賀川アリーナ,1895,0.649305556,0.695833333,0.046527778,-,佐々木　克之,斎藤　篤,木村　万由美,シーガルズ,日立ベルフィーユ,3,0,25,18,0.013888889,25,22,0.015277778,25,15,0.013194444,-,-,-,-,-,-,日立ベルフィーユ,94,43,4,45.7,14.33,6,3,0,50,10,3.33,74,5,7,16,10.8,52,42,0,80.8
Women,2000_2001,571,第7回Vリーグ女子   レギュラーラウンド,2/10/2001,-,-,3000,0.5875,0.636111111,0.048611111,-,小柴　滋,山田　道人,原　一郎,パイオニアレッドウィングス,NECレッドロケッツ,0,3,19,25,0.013888889,24,26,0.018055556,12,25,0.0125,-,-,-,-,-,-,パイオニアレッドウィングス,103,35,10,34,11.67,23,9,5,39.1,3,1,57,1,8,7,4.5,65,50,0,76.9
Women,2000_2001,571,第7回Vリーグ女子   レギュラーラウンド,2/10/2001,-,-,3000,0.5875,0.636111111,0.048611111,-,小柴　滋,山田　道人,原　一郎,パイオニアレッドウィングス,NECレッドロケッツ,3,0,25,19,0.013888889,26,24,0.018055556,25,12,0.0125,-,-,-,-,-,-,NECレッドロケッツ,111,45,8,40.5,15,10,5,1,50,7,2.33,74,2,8,14,7.2,49,41,0,83.7
Women,2000_2001,572,第7回Vリーグ女子   レギュラーラウンド,2/10/2001,-,-,3618,0.659722222,0.73125,0.071527778,-,大塚　達也,田中　昭彦,長谷川　登,イトーヨーカドープリオール,日立ベルフィーユ,1,3,29,31,0.020138889,25,17,0.014583333,17,25,0.015277778,19,25,0.015277778,-,-,-,イトーヨーカドープリオール,141,56,12,39.7,14,2,0,0,0,9,2.25,91,4,9,20,9.7,86,59,0,68.6
Women,2000_2001,572,第7回Vリーグ女子   レギュラーラウンド,2/10/2001,-,-,3618,0.659722222,0.73125,0.071527778,-,大塚　達也,田中　昭彦,長谷川　登,イトーヨーカドープリオール,日立ベルフィーユ,3,1,31,29,0.020138889,17,25,0.014583333,25,17,0.015277778,25,19,0.015277778,-,-,-,日立ベルフィーユ,158,59,7,37.3,14.75,8,3,0,37.5,10,2.5,97,6,9,23,11.3,79,58,0,73.4
Women,2000_2001,573,第7回Vリーグ女子   レギュラーラウンド,2/10/2001,-,佐賀県総合体育館,2000,0.583333333,0.636111111,0.052777778,-,中馬義郎,代居正巳,山口泰正,東レアローズ,JTマーヴェラス,0,3,25,27,0.017361111,26,28,0.015972222,22,25,0.015277778,-,-,-,-,-,-,東レアローズ,133,54,8,40.6,18,0,0,0,-,4,1.33,74,2,10,10,6.1,72,63,0,87.5
Women,2000_2001,573,第7回Vリーグ女子   レギュラーラウンド,2/10/2001,-,佐賀県総合体育館,2000,0.583333333,0.636111111,0.052777778,-,中馬義郎,代居正巳,山口泰正,東レアローズ,JTマーヴェラス,3,0,27,25,0.017361111,28,26,0.015972222,25,22,0.015277778,-,-,-,-,-,-,JTマーヴェラス,126,56,4,44.4,18.67,0,0,0,-,3,1,79,0,7,9,2.8,62,52,0,83.9
Women,2000_2001,574,第7回Vリーグ女子   レギュラーラウンド,2/10/2001,-,佐賀県総合体育館,2000,0.659722222,0.71875,0.059027778,-,塚本　健,溝口　正勝,池田　勝,シーガルズ,久光製薬スプリングス,0,3,16,25,0.016666667,22,25,0.015972222,28,30,0.019444444,-,-,-,-,-,-,シーガルズ,142,42,15,29.6,14,1,0,0,0,9,3,67,3,1,9,7.2,75,44,0,58.7
Women,2000_2001,574,第7回Vリーグ女子   レギュラーラウンド,2/10/2001,-,佐賀県総合体育館,2000,0.659722222,0.71875,0.059027778,-,塚本　健,溝口　正勝,池田　勝,シーガルズ,久光製薬スプリングス,3,0,25,16,0.016666667,25,22,0.015972222,30,28,0.019444444,-,-,-,-,-,-,久光製薬スプリングス,126,45,4,35.7,15,7,3,1,42.9,10,3.33,79,5,4,26,13.3,65,54,0,83.1
Women,2000_2001,575,第7回Vリーグ女子   レギュラーラウンド,2/11/2001,-,-,3400,0.545833333,0.616666667,0.070833333,-,小柴　滋,堀越　由高,大野　弘一,日立ベルフィーユ,パイオニアレッドウィングス,3,1,25,20,0.014583333,27,25,0.01875,22,25,0.016666667,25,19,0.014583333,-,-,-,日立ベルフィーユ,175,61,11,34.9,15.25,5,0,1,0,18,4.5,98,1,3,17,5.4,80,63,0,78.8
Women,2000_2001,575,第7回Vリーグ女子   レギュラーラウンド,2/11/2001,-,-,3400,0.545833333,0.616666667,0.070833333,-,小柴　滋,堀越　由高,大野　弘一,日立ベルフィーユ,パイオニアレッドウィングス,1,3,20,25,0.014583333,25,27,0.01875,25,22,0.016666667,19,25,0.014583333,-,-,-,パイオニアレッドウィングス,182,60,7,33,15,38,12,1,31.6,7,1.75,90,3,8,16,7.6,94,77,0,81.9
Women,2000_2001,576,第7回Vリーグ女子   レギュラーラウンド,2/11/2001,-,-,3678,0.642361111,0.707638889,0.065277778,-,大塚　達也,藤井　孝,上田　正,NECレッドロケッツ,イトーヨーカドープリオール,3,1,19,25,0.015277778,25,19,0.015972222,25,9,0.0125,25,16,0.015277778,-,-,-,NECレッドロケッツ,126,54,10,42.9,13.5,2,1,0,50,10,2.5,93,6,4,31,13.7,62,47,0,75.8
Women,2000_2001,576,第7回Vリーグ女子   レギュラーラウンド,2/11/2001,-,-,3678,0.642361111,0.707638889,0.065277778,-,大塚　達也,藤井　孝,上田　正,NECレッドロケッツ,イトーヨーカドープリオール,1,3,25,19,0.015277778,19,25,0.015972222,9,25,0.0125,16,25,0.015277778,-,-,-,イトーヨーカドープリオール,120,43,13,35.8,10.75,2,1,0,50,8,2,70,1,8,14,6.1,88,52,0,59.1
Women,2000_2001,577,第7回Vリーグ女子   レギュラーラウンド,2/11/2001,-,佐賀県総合体育館,2000,0.541666667,0.620138889,0.078472222,-,中馬　義郎,古賀　芳次,池田　　勝,シーガルズ,JTマーヴェラス,2,3,25,22,0.015972222,25,17,0.013194444,23,25,0.018055556,23,25,0.015972222,5,15,0.006944444,シーガルズ,189,76,9,40.2,15.2,0,0,0,-,12,2.4,101,2,3,13,4.8,97,74,0,76.3
Women,2000_2001,577,第7回Vリーグ女子   レギュラーラウンド,2/11/2001,-,佐賀県総合体育館,2000,0.541666667,0.620138889,0.078472222,-,中馬　義郎,古賀　芳次,池田　　勝,シーガルズ,JTマーヴェラス,3,2,22,25,0.015972222,17,25,0.013194444,25,23,0.018055556,25,23,0.015972222,15,5,0.006944444,JTマーヴェラス,191,72,4,37.7,14.4,1,0,0,0,12,2.4,104,4,5,21,8.5,98,83,0,84.7
Women,2000_2001,578,第7回Vリーグ女子   レギュラーラウンド,2/11/2001,-,佐賀県総合体育館,2200,0.642361111,0.709722222,0.067361111,-,塚本　　健,溝口　正勝,山口　泰正,東レアローズ,久光製薬スプリングス,1,3,22,25,0.016666667,25,20,0.015277778,19,25,0.014583333,20,25,0.014583333,-,-,-,東レアローズ,129,59,8,45.7,14.75,0,0,0,-,7,1.75,87,2,7,28,10.1,85,64,0,75.3
Women,2000_2001,578,第7回Vリーグ女子   レギュラーラウンド,2/11/2001,-,佐賀県総合体育館,2200,0.642361111,0.709722222,0.067361111,-,塚本　　健,溝口　正勝,山口　泰正,東レアローズ,久光製薬スプリングス,3,1,25,22,0.016666667,20,25,0.015277778,25,19,0.014583333,25,20,0.014583333,-,-,-,久光製薬スプリングス,143,66,5,46.2,16.5,5,2,0,40,5,1.25,94,6,8,16,9.6,79,50,0,63.3
Women,2000_2001,579,第7回Vリーグ女子   レギュラーラウンド,2/12/2001,-,-,3600,0.541666667,0.596527778,0.054861111,-,大塚　達也,山田　道人,四本松　善成,日立ベルフィーユ,NECレッドロケッツ,0,3,19,25,0.017361111,22,25,0.016666667,19,25,0.015972222,-,-,-,-,-,-,日立ベルフィーユ,115,40,8,34.8,13.33,5,1,1,20,5,1.67,62,1,4,14,6.9,65,43,0,66.2
Women,2000_2001,579,第7回Vリーグ女子   レギュラーラウンド,2/12/2001,-,-,3600,0.541666667,0.596527778,0.054861111,-,大塚　達也,山田　道人,四本松　善成,日立ベルフィーユ,NECレッドロケッツ,3,0,25,19,0.017361111,25,22,0.016666667,25,19,0.015972222,-,-,-,-,-,-,NECレッドロケッツ,112,47,7,42,15.67,6,4,0,66.7,9,3,73,5,6,19,12.5,58,43,0,74.1
Women,2000_2001,580,第7回Vリーグ女子   レギュラーラウンド,2/12/2001,-,-,3859,0.621527778,0.701388889,0.079861111,-,小柴　滋,斉藤　聖二,志賀　智美,イトーヨーカドープリオール,パイオニアレッドウィングス,3,2,21,25,0.016666667,13,25,0.013194444,25,16,0.013888889,26,24,0.018055556,15,12,0.009722222,イトーヨーカドープリオール,150,56,11,37.3,11.2,1,1,0,100,11,2.2,99,3,6,14,6.2,93,79,0,84.9
Women,2000_2001,580,第7回Vリーグ女子   レギュラーラウンド,2/12/2001,-,-,3859,0.621527778,0.701388889,0.079861111,-,小柴　滋,斉藤　聖二,志賀　智美,イトーヨーカドープリオール,パイオニアレッドウィングス,2,3,25,21,0.016666667,25,13,0.013194444,16,25,0.013888889,24,26,0.018055556,12,15,0.009722222,パイオニアレッドウィングス,167,65,16,38.9,13,30,10,5,33.3,12,2.4,103,4,9,11,6,92,76,0,82.6
Women,2000_2001,581,第7回Vリーグ女子   レギュラーラウンド,2/12/2001,-,大牟田市民体育館,2100,0.541666667,0.588194444,0.046527778,-,中馬　義郎,代居　正巳,石橋　洋一郎,久光製薬スプリングス,JTマーヴェラス,3,0,25,21,0.014583333,25,20,0.015277778,25,15,0.0125,-,-,-,-,-,-,久光製薬スプリングス,125,57,6,45.6,19,5,2,1,40,6,2,73,2,4,20,9.3,56,36,0,64.3
Women,2000_2001,581,第7回Vリーグ女子   レギュラーラウンド,2/12/2001,-,大牟田市民体育館,2100,0.541666667,0.588194444,0.046527778,-,中馬　義郎,代居　正巳,石橋　洋一郎,久光製薬スプリングス,JTマーヴェラス,0,3,21,25,0.014583333,20,25,0.015277778,15,25,0.0125,-,-,-,-,-,-,JTマーヴェラス,118,39,6,33.1,13,0,0,0,-,7,2.33,58,0,2,20,8.6,68,47,0,69.1
Women,2000_2001,582,第7回Vリーグ女子   レギュラーラウンド,2/12/2001,-,大牟田市民体育館,1950,0.625,0.7,0.075,-,塚本　健,甲斐田　修,石井　和吉,シーガルズ,東レアローズ,1,3,25,22,0.016666667,26,28,0.019444444,23,25,0.015972222,20,25,0.016666667,-,-,-,シーガルズ,191,61,10,31.9,15.25,0,0,0,-,10,2.5,95,3,7,17,7,94,59,0,62.8
Women,2000_2001,582,第7回Vリーグ女子   レギュラーラウンド,2/12/2001,-,大牟田市民体育館,1950,0.625,0.7,0.075,-,塚本　健,甲斐田　修,石井　和吉,シーガルズ,東レアローズ,3,1,22,25,0.016666667,28,26,0.019444444,25,23,0.015972222,25,20,0.016666667,-,-,-,東レアローズ,182,69,10,37.9,17.25,1,0,1,0,10,2.5,99,0,5,35,8.8,88,68,0,77.3
Women,2000_2001,583,第7回Vリーグ女子   レギュラーラウンド,2/17/2001,-,-,1695,0.583333333,0.635416667,0.052083333,-,大塚　達也,大澤　正弘,村田　充,シーガルズ,イトーヨーカドープリオール,0,3,21,25,0.018055556,17,25,0.015277778,18,25,0.014583333,-,-,-,-,-,-,シーガルズ,113,34,8,30.1,11.33,3,1,0,33.3,8,2.67,57,1,6,9,5.4,68,42,0,61.8
Women,2000_2001,583,第7回Vリーグ女子   レギュラーラウンド,2/17/2001,-,-,1695,0.583333333,0.635416667,0.052083333,-,大塚　達也,大澤　正弘,村田　充,シーガルズ,イトーヨーカドープリオール,3,0,25,21,0.018055556,25,17,0.015277778,25,18,0.014583333,-,-,-,-,-,-,イトーヨーカドープリオール,106,46,5,43.4,15.33,0,0,0,-,10,3.33,74,3,6,23,11,51,41,0,80.4
Women,2000_2001,584,第7回Vリーグ女子   レギュラーラウンド,2/17/2001,-,-,1695,0.659722222,0.709722222,0.05,-,橘田　昇,長沼　和人,三枝　修,久光製薬スプリングス,NECレッドロケッツ,0,3,15,25,0.013888889,18,25,0.014583333,23,25,0.016666667,-,-,-,-,-,-,久光製薬スプリングス,113,41,7,36.3,13.67,3,0,0,0,5,1.67,57,0,10,14,6.1,71,49,0,69
Women,2000_2001,584,第7回Vリーグ女子   レギュラーラウンド,2/17/2001,-,-,1695,0.659722222,0.709722222,0.05,-,橘田　昇,長沼　和人,三枝　修,久光製薬スプリングス,NECレッドロケッツ,3,0,25,15,0.013888889,25,18,0.014583333,25,23,0.016666667,-,-,-,-,-,-,NECレッドロケッツ,111,50,8,45,16.67,9,2,1,22.2,7,2.33,74,1,2,22,8.8,47,33,0,70.2
Women,2000_2001,585,第7回Vリーグ女子   レギュラーラウンド,2/17/2001,-,-,1900,0.583333333,0.634027778,0.050694444,-,利根川　忠史,大塚　春夫,堀内　義博,日立ベルフィーユ,東洋紡オーキス,0,3,20,25,0.014583333,19,25,0.015277778,22,25,0.016666667,-,-,-,-,-,-,日立ベルフィーユ,103,39,12,37.9,13,5,2,2,40,7,2.33,62,4,2,19,13.5,71,44,0,62
Women,2000_2001,585,第7回Vリーグ女子   レギュラーラウンド,2/17/2001,-,-,1900,0.583333333,0.634027778,0.050694444,-,利根川　忠史,大塚　春夫,堀内　義博,日立ベルフィーユ,東洋紡オーキス,3,0,25,20,0.014583333,25,19,0.015277778,25,22,0.016666667,-,-,-,-,-,-,東洋紡オーキス,99,44,5,44.4,14.67,2,1,0,50,11,3.67,74,4,2,24,12.7,58,37,0,63.8
Women,2000_2001,586,第7回Vリーグ女子   レギュラーラウンド,2/17/2001,-,-,1820,0.659722222,0.706944444,0.047222222,-,富田　　満,高野　淳志,茂田井　洋一郎,パイオニアレッドウィングス,デンソーエアリービーズ,3,0,25,19,0.013888889,25,23,0.016666667,25,15,0.0125,-,-,-,-,-,-,パイオニアレッドウィングス,105,42,7,40,14,11,2,3,18.2,7,2.33,73,0,5,28,9.6,54,29,0,53.7
Women,2000_2001,586,第7回Vリーグ女子   レギュラーラウンド,2/17/2001,-,-,1820,0.659722222,0.706944444,0.047222222,-,富田　　満,高野　淳志,茂田井　洋一郎,パイオニアレッドウィングス,デンソーエアリービーズ,0,3,19,25,0.013888889,23,25,0.016666667,15,25,0.0125,-,-,-,-,-,-,デンソーエアリービーズ,113,33,15,29.2,11,3,1,1,33.3,9,3,59,0,5,25,10.6,68,40,0,58.8
Women,2000_2001,587,第7回Vリーグ女子   レギュラーラウンド,2/18/2001,-,-,2200,0.5625,0.630555556,0.068055556,-,小柴　滋,田代　英明,石川　利正,久光製薬スプリングス,イトーヨーカドープリオール,3,1,25,15,0.013194444,25,18,0.014583333,17,25,0.015277778,27,25,0.01875,-,-,-,久光製薬スプリングス,144,63,10,43.8,15.75,6,2,1,33.3,7,1.75,93,4,6,20,9,76,47,0,61.8
Women,2000_2001,587,第7回Vリーグ女子   レギュラーラウンド,2/18/2001,-,-,2200,0.5625,0.630555556,0.068055556,-,小柴　滋,田代　英明,石川　利正,久光製薬スプリングス,イトーヨーカドープリオール,1,3,15,25,0.013194444,18,25,0.014583333,25,17,0.015277778,25,27,0.01875,-,-,-,イトーヨーカドープリオール,135,44,12,32.6,11,1,0,0,0,15,3.75,84,4,5,28,12.9,86,63,0,73.3
Women,2000_2001,588,第7回Vリーグ女子   レギュラーラウンド,2/18/2001,-,-,2200,0.652777778,0.699305556,0.046527778,-,勝又　正,土佐　和樹,万徳　昇,シーガルズ,NECレッドロケッツ,0,3,16,25,0.014583333,15,25,0.013888889,17,25,0.013888889,-,-,-,-,-,-,シーガルズ,94,33,8,35.1,11,2,1,0,50,7,2.33,49,0,0,12,6.1,66,30,0,45.5
Women,2000_2001,588,第7回Vリーグ女子   レギュラーラウンド,2/18/2001,-,-,2200,0.652777778,0.699305556,0.046527778,-,勝又　正,土佐　和樹,万徳　昇,シーガルズ,NECレッドロケッツ,3,0,25,16,0.014583333,25,15,0.013888889,25,17,0.013888889,-,-,-,-,-,-,NECレッドロケッツ,94,52,1,55.3,17.33,5,1,0,20,5,1.67,74,6,6,32,17.8,49,37,0,75.5
Women,2000_2001,589,第7回Vリーグ女子   レギュラーラウンド,2/18/2001,-,リージョンプラザ上越,2300,0.541666667,0.606944444,0.065277778,-,冨田　満,大塚　春夫,今井　尚文,日立ベルフィーユ,デンソーエアリービーズ,1,3,19,25,0.015972222,25,14,0.0125,21,25,0.015277778,22,25,0.015277778,-,-,-,日立ベルフィーユ,141,47,9,33.3,11.75,6,1,2,16.7,11,2.75,88,6,7,19,11.3,80,53,0,66.2
Women,2000_2001,589,第7回Vリーグ女子   レギュラーラウンド,2/18/2001,-,リージョンプラザ上越,2300,0.541666667,0.606944444,0.065277778,-,冨田　満,大塚　春夫,今井　尚文,日立ベルフィーユ,デンソーエアリービーズ,3,1,25,19,0.015972222,14,25,0.0125,25,21,0.015277778,25,22,0.015277778,-,-,-,デンソーエアリービーズ,142,60,11,42.3,15,6,2,2,33.3,10,2.5,88,2,7,26,9.4,79,56,0,70.9
Women,2000_2001,590,第7回Vリーグ女子   レギュラーラウンド,2/18/2001,-,リージョンプラザ上越,2480,0.631944444,0.701388889,0.069444444,-,利根川　忠史,高野　淳志,茂田井　洋一郎,東洋紡オーキス,パイオニアレッドウィングス,3,1,21,25,0.0125,29,27,0.021527778,25,18,0.013888889,25,18,0.015277778,-,-,-,東洋紡オーキス,134,66,7,49.3,16.5,6,1,0,16.7,9,2.25,99,0,8,41,10.4,84,51,0,60.7
Women,2000_2001,590,第7回Vリーグ女子   レギュラーラウンド,2/18/2001,-,リージョンプラザ上越,2480,0.631944444,0.701388889,0.069444444,-,利根川　忠史,高野　淳志,茂田井　洋一郎,東洋紡オーキス,パイオニアレッドウィングス,1,3,25,21,0.0125,27,29,0.021527778,18,25,0.013888889,18,25,0.015277778,-,-,-,パイオニアレッドウィングス,165,66,14,40,16.5,28,9,3,32.1,4,1,89,0,5,33,9.3,91,50,0,54.9
